artist,title,album,recordLabel,sequence,programTitle,episodeTitle,episodeTimestamp
Vice Beats Presents,That Love (Prelude),,EQ Music,0,Gilles Peterson,Joining the Musical Dots: Camilla George,2022-10-15T15:00:00+01:00
Vice Beats Presents,That Love,,EQ Music,1,Gilles Peterson,Joining the Musical Dots: Camilla George,2022-10-15T15:00:00+01:00
Contact U,Inside You,,K Production,2,Gilles Peterson,Joining the Musical Dots: Camilla George,2022-10-15T15:00:00+01:00
PawPaw Rod,Message (Better Days),,GODMODE,3,Gilles Peterson,Joining the Musical Dots: Camilla George,2022-10-15T15:00:00+01:00
Chaka KhanRonnie Cuba,Love Has Fallen On MeRonnie Cuba,,Warner Records,4,Gilles Peterson,Joining the Musical Dots: Camilla George,2022-10-15T15:00:00+01:00
Terence Etc.,In Contemplation of Clair's Scent,,,5,Gilles Peterson,Joining the Musical Dots: Camilla George,2022-10-15T15:00:00+01:00
Tsugaru Jongara Bushi Drum & Tsugaru Jamisen,Tsugaru Jongara Festival,,Akira ishikawa,6,Gilles Peterson,Joining the Musical Dots: Camilla George,2022-10-15T15:00:00+01:00
Ronnie Cuber,Afro Cuber,,Electric Bird,7,Gilles Peterson,Joining the Musical Dots: Camilla George,2022-10-15T15:00:00+01:00
Seu JorgeMilton Nascimento,Tudo Que Você Podia Ser,,,8,Gilles Peterson,Joining the Musical Dots: Camilla George,2022-10-15T15:00:00+01:00
Yusef Lateef,Happyology,,Savoy Records,9,Gilles Peterson,Joining the Musical Dots: Camilla George,2022-10-15T15:00:00+01:00
Donald Byrd,"Cristo Redentor (Live in Detroit, 1978)",,,10,Gilles Peterson,Joining the Musical Dots: Camilla George,2022-10-15T15:00:00+01:00
Billy Bang SextetWilliam Parker,Rainbow Gladiator,,Soul Note,11,Gilles Peterson,Joining the Musical Dots: Camilla George,2022-10-15T15:00:00+01:00
William Parker's Quartet,Song Of Hope,,Thirsty Ear Recordings,12,Gilles Peterson,Joining the Musical Dots: Camilla George,2022-10-15T15:00:00+01:00
William Parker,Silver Sunshine,,AUM Fidelity,13,Gilles Peterson,Joining the Musical Dots: Camilla George,2022-10-15T15:00:00+01:00
William Parker,Desert Flower,,before song of hope,14,Gilles Peterson,Joining the Musical Dots: Camilla George,2022-10-15T15:00:00+01:00
Count Ossie,Four Hundred Years,,Dub Store Records,15,Gilles Peterson,Joining the Musical Dots: Camilla George,2022-10-15T15:00:00+01:00
Brother Moves On,B2,,,16,Gilles Peterson,Joining the Musical Dots: Camilla George,2022-10-15T15:00:00+01:00
Tomorrow's WarriorsCamilla GeorgeTomorrow's Warriors Soon Come Ensemble,Emem (Peace),,Tomorrow's Warriors Ltd.,17,Gilles Peterson,Joining the Musical Dots: Camilla George,2022-10-15T15:00:00+01:00
Camilla George,Abasi Isang,,Ever Records,18,Gilles Peterson,Joining the Musical Dots: Camilla George,2022-10-15T15:00:00+01:00
Tomorrow's WarriorsRosie TurtonTomorrow's Warriors Soon Come Ensemble,Joyful Sound,,Tomorrow's Warriors Ltd.,19,Gilles Peterson,Joining the Musical Dots: Camilla George,2022-10-15T15:00:00+01:00
Two Banks of Four,Flags And Words,,Jason Yarde,20,Gilles Peterson,Joining the Musical Dots: Camilla George,2022-10-15T15:00:00+01:00
Monsieur MALA,Til Daylight,,Bridge The Gap,21,Gilles Peterson,Joining the Musical Dots: Camilla George,2022-10-15T15:00:00+01:00
Ishmael Ensemble,The Rebuke,,,22,Gilles Peterson,Joining the Musical Dots: Camilla George,2022-10-15T15:00:00+01:00
RAP Ferreria,tenessee farmer jutsu,,Ruby Yacht,23,Gilles Peterson,Joining the Musical Dots: Camilla George,2022-10-15T15:00:00+01:00
Chu Kosaka,Bon Voyage Hatoba,,Trio Records,24,Gilles Peterson,Joining the Musical Dots: Camilla George,2022-10-15T15:00:00+01:00
Pedrinho Sampaio,No Ar... Um Grito de Guerra,,Remada,25,Gilles Peterson,Joining the Musical Dots: Camilla George,2022-10-15T15:00:00+01:00
Cornelius,Lazy,,Trattoria,26,Gilles Peterson,Joining the Musical Dots: Camilla George,2022-10-15T15:00:00+01:00
Louis Cole,Failing In A Cooler Way,,Brainfeeder,27,Gilles Peterson,Joining the Musical Dots: Camilla George,2022-10-15T15:00:00+01:00
Daphni,Fly Away,,?,28,Gilles Peterson,Joining the Musical Dots: Camilla George,2022-10-15T15:00:00+01:00
Louis Cole,Failing In A Cooler Way,,Brainfeeder,29,Gilles Peterson,Joining the Musical Dots: Camilla George,2022-10-15T15:00:00+01:00
La Perla,Chicharachera,,Mambo Negro Records,30,Gilles Peterson,Joining the Musical Dots: Camilla George,2022-10-15T15:00:00+01:00
Vieux Farka Toure & KhruangbinKhruangbin,Tamalla,,Dead Oceans,31,Gilles Peterson,Joining the Musical Dots: Camilla George,2022-10-15T15:00:00+01:00
Raz & Afla,Stringer Bells,,Mawimbi France,32,Gilles Peterson,Joining the Musical Dots: Camilla George,2022-10-15T15:00:00+01:00
Hagan,Textures,,Python Syndicate,33,Gilles Peterson,Joining the Musical Dots: Camilla George,2022-10-15T15:00:00+01:00
Reel PeopleVanessa Freeman,The Light (4phlash Rework Edit),,,34,Gilles Peterson,Joining the Musical Dots: Camilla George,2022-10-15T15:00:00+01:00
Etta James,All The Way Down (Ruas Edit),,,35,Gilles Peterson,Joining the Musical Dots: Camilla George,2022-10-15T15:00:00+01:00
Eric Kleinschuster SextetClifford Jordan,Household of Saud,,ORF,36,Gilles Peterson,Joining the Musical Dots: Camilla George,2022-10-15T15:00:00+01:00
SAULTChronixx,AngelChronixx,,Forever Living Originals,37,Gilles Peterson,Joining the Musical Dots: Camilla George,2022-10-15T15:00:00+01:00
MeekaWetman,Do SomethingWetman,,End Time Sound,38,Gilles Peterson,Joining the Musical Dots: Camilla George,2022-10-15T15:00:00+01:00
Bantu Continua Uhuru Consciouness,Afro Psychedelic,,On The Corner Records,39,Gilles Peterson,Joining the Musical Dots: Camilla George,2022-10-15T15:00:00+01:00
Tyroneisaacstuart,Purpose,,Nu Soul Records,40,Gilles Peterson,Joining the Musical Dots: Camilla George,2022-10-15T15:00:00+01:00
JK Group,Rising Part I,,La Sape,41,Gilles Peterson,Joining the Musical Dots: Camilla George,2022-10-15T15:00:00+01:00
Myele ManzanzaOmar,Therapy,,Deep Matter,42,Gilles Peterson,Joining the Musical Dots: Camilla George,2022-10-15T15:00:00+01:00
Wallace & PS,Cynical Gringo,,,43,Gilles Peterson,Joining the Musical Dots: Camilla George,2022-10-15T15:00:00+01:00
Moin,Hung Up,,AD 93,0,Gilles Peterson,Joining the musical dots: Maya Delilah & Conor Albert,2022-10-08T15:00:00+01:00
Nim Sadot,You Don't Really Exist,,Self Released,1,Gilles Peterson,Joining the musical dots: Maya Delilah & Conor Albert,2022-10-08T15:00:00+01:00
Moin,Melon,,AD 93,2,Gilles Peterson,Joining the musical dots: Maya Delilah & Conor Albert,2022-10-08T15:00:00+01:00
Sault,Angel,,Forever Living Originals,3,Gilles Peterson,Joining the musical dots: Maya Delilah & Conor Albert,2022-10-08T15:00:00+01:00
King James Version,He's Forever (Amen),,Soul Kitchen,4,Gilles Peterson,Joining the musical dots: Maya Delilah & Conor Albert,2022-10-08T15:00:00+01:00
Machine,Time Is Running Out,,We Want Sounds,5,Gilles Peterson,Joining the musical dots: Maya Delilah & Conor Albert,2022-10-08T15:00:00+01:00
Gabriels,Mama,,Parlophone,6,Gilles Peterson,Joining the musical dots: Maya Delilah & Conor Albert,2022-10-08T15:00:00+01:00
Emma Jean Thackery,The Road Trip To Saturn,,Movementt,7,Gilles Peterson,Joining the musical dots: Maya Delilah & Conor Albert,2022-10-08T15:00:00+01:00
Tom Skinner,The Journey,,Brownswood,8,Gilles Peterson,Joining the musical dots: Maya Delilah & Conor Albert,2022-10-08T15:00:00+01:00
Balimaya Project,Seasons in Baraka,,jazz re:freshed,9,Gilles Peterson,Joining the musical dots: Maya Delilah & Conor Albert,2022-10-08T15:00:00+01:00
Elusive,Salvus,,Alpha Pup,10,Gilles Peterson,Joining the musical dots: Maya Delilah & Conor Albert,2022-10-08T15:00:00+01:00
Maya Delilah,Harvest Moon,,Blue Note,11,Gilles Peterson,Joining the musical dots: Maya Delilah & Conor Albert,2022-10-08T15:00:00+01:00
Conor Albert,Piano Joint,,Ninja Tune,12,Gilles Peterson,Joining the musical dots: Maya Delilah & Conor Albert,2022-10-08T15:00:00+01:00
Conor Albert,You Make Me Feel So Good,,Blue Note,13,Gilles Peterson,Joining the musical dots: Maya Delilah & Conor Albert,2022-10-08T15:00:00+01:00
Pharoah Sanders,Youve Got to Have Freedom,,Expansion,14,Gilles Peterson,Joining the musical dots: Maya Delilah & Conor Albert,2022-10-08T15:00:00+01:00
Konkolo Orchestra,Blue G,,Rocafort Spain,15,Gilles Peterson,Joining the musical dots: Maya Delilah & Conor Albert,2022-10-08T15:00:00+01:00
Florence Adooni,Fa Yella,,Philophon,16,Gilles Peterson,Joining the musical dots: Maya Delilah & Conor Albert,2022-10-08T15:00:00+01:00
SminoJ. Cole,90 PROOF,,Motown Records,17,Gilles Peterson,Joining the musical dots: Maya Delilah & Conor Albert,2022-10-08T15:00:00+01:00
DOMi & JD BECK,WHAT UP,,Apeshit/Blue Note,18,Gilles Peterson,Joining the musical dots: Maya Delilah & Conor Albert,2022-10-08T15:00:00+01:00
Fabiano do Nascimento,Noite,,Now Again,19,Gilles Peterson,Joining the musical dots: Maya Delilah & Conor Albert,2022-10-08T15:00:00+01:00
Soyuz,Beige Days,,Mr Bongo,20,Gilles Peterson,Joining the musical dots: Maya Delilah & Conor Albert,2022-10-08T15:00:00+01:00
Carlihos Santos,Alem Do Mar,,Selo Do Artista,21,Gilles Peterson,Joining the musical dots: Maya Delilah & Conor Albert,2022-10-08T15:00:00+01:00
Miquelas e lei Chapacans,A Cantar,,Finders Keepers,22,Gilles Peterson,Joining the musical dots: Maya Delilah & Conor Albert,2022-10-08T15:00:00+01:00
Bruno Pernadas,Spaceway 70,,Pataca Discos,23,Gilles Peterson,Joining the musical dots: Maya Delilah & Conor Albert,2022-10-08T15:00:00+01:00
Kiosk,Mona Call,,Disques Vogue,24,Gilles Peterson,Joining the musical dots: Maya Delilah & Conor Albert,2022-10-08T15:00:00+01:00
Chris Bangs,Kitchen,,Acid Jazz Records,25,Gilles Peterson,Joining the musical dots: Maya Delilah & Conor Albert,2022-10-08T15:00:00+01:00
Gersinho,Noves Fora,,Continental,26,Gilles Peterson,Joining the musical dots: Maya Delilah & Conor Albert,2022-10-08T15:00:00+01:00
Ananda Shankar,Dancing Drums,,Saregama,27,Gilles Peterson,Joining the musical dots: Maya Delilah & Conor Albert,2022-10-08T15:00:00+01:00
Anish Kumar,Ananda,,Anish Kumar,28,Gilles Peterson,Joining the musical dots: Maya Delilah & Conor Albert,2022-10-08T15:00:00+01:00
La Famalia Sen,Angelio,,Out There,29,Gilles Peterson,Joining the musical dots: Maya Delilah & Conor Albert,2022-10-08T15:00:00+01:00
Surprise Chef,Money Music,,Big Crown,30,Gilles Peterson,Joining the musical dots: Maya Delilah & Conor Albert,2022-10-08T15:00:00+01:00
Wu-Lu,Scrambled Tricks (Live at Maida Vale),,,31,Gilles Peterson,Joining the musical dots: Maya Delilah & Conor Albert,2022-10-08T15:00:00+01:00
Dorian Concept,You're Untouchable,,Brainfeeder,32,Gilles Peterson,Joining the musical dots: Maya Delilah & Conor Albert,2022-10-08T15:00:00+01:00
Beth Orton,Weather Alive (Live at Maida Vale),,,33,Gilles Peterson,Joining the musical dots: Maya Delilah & Conor Albert,2022-10-08T15:00:00+01:00
The Vernon SpringadenGhostpoet,"Earth, On A Good DayadenGhostpoet",,Lima Limo Records,34,Gilles Peterson,Joining the musical dots: Maya Delilah & Conor Albert,2022-10-08T15:00:00+01:00
Upper Reality,That's What You Want,,Alpha Pup Records,35,Gilles Peterson,Joining the musical dots: Maya Delilah & Conor Albert,2022-10-08T15:00:00+01:00
Daphini,Falling in Love,,Jiaolong,36,Gilles Peterson,Joining the musical dots: Maya Delilah & Conor Albert,2022-10-08T15:00:00+01:00
Mark Holder,Music Turns Me On,,Dervia,37,Gilles Peterson,Joining the musical dots: Maya Delilah & Conor Albert,2022-10-08T15:00:00+01:00
Musique Tshiluba,Masekini,,Out There,38,Gilles Peterson,Joining the musical dots: Maya Delilah & Conor Albert,2022-10-08T15:00:00+01:00
Gyedu-Blay Ambolley,Yekor Ye A Yeaba,,Agogo Records,39,Gilles Peterson,Joining the musical dots: Maya Delilah & Conor Albert,2022-10-08T15:00:00+01:00
Barbatuques(Wolf Müller's Drum Drop),Baiana(Wolf Müller's Drum Drop),,Optima Records,40,Gilles Peterson,Joining the musical dots: Maya Delilah & Conor Albert,2022-10-08T15:00:00+01:00
Nia Archives,Baiana,,Universal-Island Records,41,Gilles Peterson,Joining the musical dots: Maya Delilah & Conor Albert,2022-10-08T15:00:00+01:00
Fracture,860,,Astrophonica,42,Gilles Peterson,Joining the musical dots: Maya Delilah & Conor Albert,2022-10-08T15:00:00+01:00
Mount Kimbie,Zone 1 (24 Hours),,Warp Records,43,Gilles Peterson,Joining the musical dots: Maya Delilah & Conor Albert,2022-10-08T15:00:00+01:00
William Parker,Silver Sunshine,,AUM Fidelity,44,Gilles Peterson,Joining the musical dots: Maya Delilah & Conor Albert,2022-10-08T15:00:00+01:00
Freddie HubbardTed NashCraig Handy,Red ClayTed NashCraig Handy,,CTI Records,0,Gilles Peterson,"Joining The Musical Dots: Tara Lily, Black Thought & Nok Cultural Ensemble",2022-10-01T15:00:00+01:00
Gabriels,Angels & Queens,,Atlas Artists / Parlophone Records,1,Gilles Peterson,"Joining The Musical Dots: Tara Lily, Black Thought & Nok Cultural Ensemble",2022-10-01T15:00:00+01:00
Chaka Khan,Live In Me,,ABC Records,2,Gilles Peterson,"Joining The Musical Dots: Tara Lily, Black Thought & Nok Cultural Ensemble",2022-10-01T15:00:00+01:00
Ryan Porter,The Black Flame,,,3,Gilles Peterson,"Joining The Musical Dots: Tara Lily, Black Thought & Nok Cultural Ensemble",2022-10-01T15:00:00+01:00
"Grover Washington, Jr.",Hydra,,Verve Reissues,4,Gilles Peterson,"Joining The Musical Dots: Tara Lily, Black Thought & Nok Cultural Ensemble",2022-10-01T15:00:00+01:00
Ari Lennox,POF,,Dreamville / Interscope,5,Gilles Peterson,"Joining The Musical Dots: Tara Lily, Black Thought & Nok Cultural Ensemble",2022-10-01T15:00:00+01:00
Joyce Moreno,Ciclo Da Vida,,Far Out Recordings,6,Gilles Peterson,"Joining The Musical Dots: Tara Lily, Black Thought & Nok Cultural Ensemble",2022-10-01T15:00:00+01:00
Sun Ra Arkestra,Somebody Else's Idea,,,7,Gilles Peterson,"Joining The Musical Dots: Tara Lily, Black Thought & Nok Cultural Ensemble",2022-10-01T15:00:00+01:00
Crow Billiken,Illini Blues,,Ruby Yacht,8,Gilles Peterson,"Joining The Musical Dots: Tara Lily, Black Thought & Nok Cultural Ensemble",2022-10-01T15:00:00+01:00
R.A.P. FerreiraHemlock Ernst,mythsysizer instinctHemlock Ernst,,Ruby Yacht,9,Gilles Peterson,"Joining The Musical Dots: Tara Lily, Black Thought & Nok Cultural Ensemble",2022-10-01T15:00:00+01:00
Emmeline,Frank,,,10,Gilles Peterson,"Joining The Musical Dots: Tara Lily, Black Thought & Nok Cultural Ensemble",2022-10-01T15:00:00+01:00
Raffy Bushman,Feel The Morning,,New Soil,11,Gilles Peterson,"Joining The Musical Dots: Tara Lily, Black Thought & Nok Cultural Ensemble",2022-10-01T15:00:00+01:00
Black ThoughtMichael Kiwanuka,AquamarineMichael Kiwanuka,,BMG,12,Gilles Peterson,"Joining The Musical Dots: Tara Lily, Black Thought & Nok Cultural Ensemble",2022-10-01T15:00:00+01:00
Black Thought,Identical Deaths,,BMG,13,Gilles Peterson,"Joining The Musical Dots: Tara Lily, Black Thought & Nok Cultural Ensemble",2022-10-01T15:00:00+01:00
Yaahn Hunter JR.Ana Pshokina,Vintage Chill VibesAna Pshokina,,Yhuntermusic Productions,14,Gilles Peterson,"Joining The Musical Dots: Tara Lily, Black Thought & Nok Cultural Ensemble",2022-10-01T15:00:00+01:00
Ari Lennox,Mean Mug,,Dreamville / Interscope,15,Gilles Peterson,"Joining The Musical Dots: Tara Lily, Black Thought & Nok Cultural Ensemble",2022-10-01T15:00:00+01:00
Fafá de Belém,Gostoso,,Philips,16,Gilles Peterson,"Joining The Musical Dots: Tara Lily, Black Thought & Nok Cultural Ensemble",2022-10-01T15:00:00+01:00
Joni & Z,Nem Voce Pode Entender,,Tapecar,17,Gilles Peterson,"Joining The Musical Dots: Tara Lily, Black Thought & Nok Cultural Ensemble",2022-10-01T15:00:00+01:00
Joyce Moreno,Pega Leve,,Far Out Recordings,18,Gilles Peterson,"Joining The Musical Dots: Tara Lily, Black Thought & Nok Cultural Ensemble",2022-10-01T15:00:00+01:00
Tamba 4,Samba Blim,,A&M Records,19,Gilles Peterson,"Joining The Musical Dots: Tara Lily, Black Thought & Nok Cultural Ensemble",2022-10-01T15:00:00+01:00
BatidaLia de Itamaraca´DJ Dolores,Tem Dor (Africa de Itamaraca´)Lia de Itamaraca´DJ Dolores,,Crammed Discs Belgium,20,Gilles Peterson,"Joining The Musical Dots: Tara Lily, Black Thought & Nok Cultural Ensemble",2022-10-01T15:00:00+01:00
BatidaJoa~o Morgado,Sou Eu!Joa~o Morgado,,Crammed Discs Belgium,21,Gilles Peterson,"Joining The Musical Dots: Tara Lily, Black Thought & Nok Cultural Ensemble",2022-10-01T15:00:00+01:00
Batida,Sou Eu! REMIX,,,22,Gilles Peterson,"Joining The Musical Dots: Tara Lily, Black Thought & Nok Cultural Ensemble",2022-10-01T15:00:00+01:00
Sault,Don't Shoot Batida,,,23,Gilles Peterson,"Joining The Musical Dots: Tara Lily, Black Thought & Nok Cultural Ensemble",2022-10-01T15:00:00+01:00
Aida Al Hani,Kafeja Gati,,Rocket Recordings,24,Gilles Peterson,"Joining The Musical Dots: Tara Lily, Black Thought & Nok Cultural Ensemble",2022-10-01T15:00:00+01:00
Nyati Mayi & The Astral Synth Transmitters,Lolokele,,Rocket Recordings,25,Gilles Peterson,"Joining The Musical Dots: Tara Lily, Black Thought & Nok Cultural Ensemble",2022-10-01T15:00:00+01:00
Miles Davis,Human Nature (Alternate),,Pearl Hunters,26,Gilles Peterson,"Joining The Musical Dots: Tara Lily, Black Thought & Nok Cultural Ensemble",2022-10-01T15:00:00+01:00
Tara Lily,Niama,,,27,Gilles Peterson,"Joining The Musical Dots: Tara Lily, Black Thought & Nok Cultural Ensemble",2022-10-01T15:00:00+01:00
Asha Puthli,Space Talk,,,28,Gilles Peterson,"Joining The Musical Dots: Tara Lily, Black Thought & Nok Cultural Ensemble",2022-10-01T15:00:00+01:00
Photek,Rings Around Saturn (Peshay & Decoder Remix),,Science,29,Gilles Peterson,"Joining The Musical Dots: Tara Lily, Black Thought & Nok Cultural Ensemble",2022-10-01T15:00:00+01:00
Tara Lily,Don't Explain,,,30,Gilles Peterson,"Joining The Musical Dots: Tara Lily, Black Thought & Nok Cultural Ensemble",2022-10-01T15:00:00+01:00
SUCHI,Seher (Edit),,,31,Gilles Peterson,"Joining The Musical Dots: Tara Lily, Black Thought & Nok Cultural Ensemble",2022-10-01T15:00:00+01:00
Ian Fink,Moonlite (Duality,,,32,Gilles Peterson,"Joining The Musical Dots: Tara Lily, Black Thought & Nok Cultural Ensemble",2022-10-01T15:00:00+01:00
Nok Cultural Ensemble,Njhyi,,,33,Gilles Peterson,"Joining The Musical Dots: Tara Lily, Black Thought & Nok Cultural Ensemble",2022-10-01T15:00:00+01:00
Nok Cultural Ensemble,Nietatangwat,,,34,Gilles Peterson,"Joining The Musical Dots: Tara Lily, Black Thought & Nok Cultural Ensemble",2022-10-01T15:00:00+01:00
Nok Cultural EnsembleSimelineSulyiman,KyangmaSimelineSulyiman,,,35,Gilles Peterson,"Joining The Musical Dots: Tara Lily, Black Thought & Nok Cultural Ensemble",2022-10-01T15:00:00+01:00
Nok Cultural Ensemble,Ancestral Visions,,,36,Gilles Peterson,"Joining The Musical Dots: Tara Lily, Black Thought & Nok Cultural Ensemble",2022-10-01T15:00:00+01:00
Nok Cultural EnsembleAngel Bat Dawid,EnlightenmentAngel Bat Dawid,,,37,Gilles Peterson,"Joining The Musical Dots: Tara Lily, Black Thought & Nok Cultural Ensemble",2022-10-01T15:00:00+01:00
Nok Cultural EnsembleNubya Garcia,Y.T.T.T.Nubya Garcia,,,38,Gilles Peterson,"Joining The Musical Dots: Tara Lily, Black Thought & Nok Cultural Ensemble",2022-10-01T15:00:00+01:00
Nok Cultural EnsembleTheon Cross,AwakeningTheon Cross,,,39,Gilles Peterson,"Joining The Musical Dots: Tara Lily, Black Thought & Nok Cultural Ensemble",2022-10-01T15:00:00+01:00
BCUC,Elektronikaliza,,On The Corner Records,40,Gilles Peterson,"Joining The Musical Dots: Tara Lily, Black Thought & Nok Cultural Ensemble",2022-10-01T15:00:00+01:00
Seun Kuti,Love and Revolution (Live),,,41,Gilles Peterson,"Joining The Musical Dots: Tara Lily, Black Thought & Nok Cultural Ensemble",2022-10-01T15:00:00+01:00
Fernando Rosales,Los Esqueletos,,Machuca,42,Gilles Peterson,"Joining The Musical Dots: Tara Lily, Black Thought & Nok Cultural Ensemble",2022-10-01T15:00:00+01:00
Gabriels,Mama,,Atlas Artists / Parlophone Records,43,Gilles Peterson,"Joining The Musical Dots: Tara Lily, Black Thought & Nok Cultural Ensemble",2022-10-01T15:00:00+01:00
Bugge wesseltoft / Henrik shwarz,Woodened stone,,,44,Gilles Peterson,"Joining The Musical Dots: Tara Lily, Black Thought & Nok Cultural Ensemble",2022-10-01T15:00:00+01:00
Edrix Puzzle,V11,,,45,Gilles Peterson,"Joining The Musical Dots: Tara Lily, Black Thought & Nok Cultural Ensemble",2022-10-01T15:00:00+01:00
Daphni,Fly Away,,,46,Gilles Peterson,"Joining The Musical Dots: Tara Lily, Black Thought & Nok Cultural Ensemble",2022-10-01T15:00:00+01:00
Highway Motion,Double O One Disco,,Freestyle Records,47,Gilles Peterson,"Joining The Musical Dots: Tara Lily, Black Thought & Nok Cultural Ensemble",2022-10-01T15:00:00+01:00
Lavias,Do You Want To Dance (Extended Version),,,48,Gilles Peterson,"Joining The Musical Dots: Tara Lily, Black Thought & Nok Cultural Ensemble",2022-10-01T15:00:00+01:00
Greg Henderson,Dreamin',,,49,Gilles Peterson,"Joining The Musical Dots: Tara Lily, Black Thought & Nok Cultural Ensemble",2022-10-01T15:00:00+01:00
The Whatnauts,Help Is On The Way,,,50,Gilles Peterson,"Joining The Musical Dots: Tara Lily, Black Thought & Nok Cultural Ensemble",2022-10-01T15:00:00+01:00
Sass,Do It,,,51,Gilles Peterson,"Joining The Musical Dots: Tara Lily, Black Thought & Nok Cultural Ensemble",2022-10-01T15:00:00+01:00
Joey DeFrancescoPharoah Sanders,The Creator Has A Master Plan,,Mack Avenue Records,0,Gilles Peterson,"Joining The Musical Dots: Beth Orton & Friends, Shuya Okino",2022-09-24T15:00:00+01:00
Takuro Okada,A Love Supreme,,Newhere Music,1,Gilles Peterson,"Joining The Musical Dots: Beth Orton & Friends, Shuya Okino",2022-09-24T15:00:00+01:00
Iman Houssein,Their Eyes,,BBE Music,2,Gilles Peterson,"Joining The Musical Dots: Beth Orton & Friends, Shuya Okino",2022-09-24T15:00:00+01:00
Shirley Nanette,Sometimes,,Big Crown Records,3,Gilles Peterson,"Joining The Musical Dots: Beth Orton & Friends, Shuya Okino",2022-09-24T15:00:00+01:00
Roy Ayers,Searching,,Universal Records,4,Gilles Peterson,"Joining The Musical Dots: Beth Orton & Friends, Shuya Okino",2022-09-24T15:00:00+01:00
IZCO,She Wicked,,Unreleased,5,Gilles Peterson,"Joining The Musical Dots: Beth Orton & Friends, Shuya Okino",2022-09-24T15:00:00+01:00
dreamcastmoeShungu,Don't Let Me Down,,BBE Music,6,Gilles Peterson,"Joining The Musical Dots: Beth Orton & Friends, Shuya Okino",2022-09-24T15:00:00+01:00
Commodo,Fear Loop,,Mysterious Trax,7,Gilles Peterson,"Joining The Musical Dots: Beth Orton & Friends, Shuya Okino",2022-09-24T15:00:00+01:00
Pharoah Sanders,You've Got to Have Freedom,,Theresa Records,8,Gilles Peterson,"Joining The Musical Dots: Beth Orton & Friends, Shuya Okino",2022-09-24T15:00:00+01:00
Makaya McCraven,"This Place, That Place",,"XL Recordings, International Anthem, Nonesuch",9,Gilles Peterson,"Joining The Musical Dots: Beth Orton & Friends, Shuya Okino",2022-09-24T15:00:00+01:00
Beth Orton,Rectify,,Astralwerks/EMI,10,Gilles Peterson,"Joining The Musical Dots: Beth Orton & Friends, Shuya Okino",2022-09-24T15:00:00+01:00
Terry Callier,Holdin' On (To Your Love),,Elektra,11,Gilles Peterson,"Joining The Musical Dots: Beth Orton & Friends, Shuya Okino",2022-09-24T15:00:00+01:00
Little DragonStefan Sandberg,PeaceStefan Sandberg,,Ninja Tune,12,Gilles Peterson,"Joining The Musical Dots: Beth Orton & Friends, Shuya Okino",2022-09-24T15:00:00+01:00
Alice ColtranePharoah Sanders,Journey In SatchidandaPharoah Sanders,,Impulse! Records,13,Gilles Peterson,"Joining The Musical Dots: Beth Orton & Friends, Shuya Okino",2022-09-24T15:00:00+01:00
Beth Orton,Fractals (Live at Maida Vale),,,14,Gilles Peterson,"Joining The Musical Dots: Beth Orton & Friends, Shuya Okino",2022-09-24T15:00:00+01:00
Beth Orton,Friday Night (Live at Maida Vale),,,15,Gilles Peterson,"Joining The Musical Dots: Beth Orton & Friends, Shuya Okino",2022-09-24T15:00:00+01:00
Beth Orton,Forever Young (Live at Maida Vale),,,16,Gilles Peterson,"Joining The Musical Dots: Beth Orton & Friends, Shuya Okino",2022-09-24T15:00:00+01:00
Flevans,It Takes The Whole Day,,Jalapeno Records,17,Gilles Peterson,"Joining The Musical Dots: Beth Orton & Friends, Shuya Okino",2022-09-24T15:00:00+01:00
Yaw Evans,Millenium Groove,,GD4YA,18,Gilles Peterson,"Joining The Musical Dots: Beth Orton & Friends, Shuya Okino",2022-09-24T15:00:00+01:00
Pharoah Sanders,Pharomba,,Arista Records,19,Gilles Peterson,"Joining The Musical Dots: Beth Orton & Friends, Shuya Okino",2022-09-24T15:00:00+01:00
Seguida,On Our Way,,Fania Records,20,Gilles Peterson,"Joining The Musical Dots: Beth Orton & Friends, Shuya Okino",2022-09-24T15:00:00+01:00
Geriboam,Copy 1,,,21,Gilles Peterson,"Joining The Musical Dots: Beth Orton & Friends, Shuya Okino",2022-09-24T15:00:00+01:00
War,Galaxy (French Version),,Avenue Records,22,Gilles Peterson,"Joining The Musical Dots: Beth Orton & Friends, Shuya Okino",2022-09-24T15:00:00+01:00
Brooklyn Express,You Need a Change of Mind,,BC Records,23,Gilles Peterson,"Joining The Musical Dots: Beth Orton & Friends, Shuya Okino",2022-09-24T15:00:00+01:00
Brooklyn Express,Back In Time,,BC Records,24,Gilles Peterson,"Joining The Musical Dots: Beth Orton & Friends, Shuya Okino",2022-09-24T15:00:00+01:00
Kyoto Jazz Massive,Astral Ascension,,Extra Freedom,25,Gilles Peterson,"Joining The Musical Dots: Beth Orton & Friends, Shuya Okino",2022-09-24T15:00:00+01:00
Kyoto Jazz Sextet,Succotash,,Blue Note,26,Gilles Peterson,"Joining The Musical Dots: Beth Orton & Friends, Shuya Okino",2022-09-24T15:00:00+01:00
Sleep WalkerPharoah Sanders,The VoyagePharoah Sanders,,Especial Records,27,Gilles Peterson,"Joining The Musical Dots: Beth Orton & Friends, Shuya Okino",2022-09-24T15:00:00+01:00
Pharoah Sanders,Japan,,Impulse! Records,28,Gilles Peterson,"Joining The Musical Dots: Beth Orton & Friends, Shuya Okino",2022-09-24T15:00:00+01:00
Sameer Ahmad,Genesis,,"Bad Cop Bad Cop, iHH Records",29,Gilles Peterson,"Joining The Musical Dots: Beth Orton & Friends, Shuya Okino",2022-09-24T15:00:00+01:00
Pharoah Sanders,Astral Traveling,,Impulse! Records,30,Gilles Peterson,"Joining The Musical Dots: Beth Orton & Friends, Shuya Okino",2022-09-24T15:00:00+01:00
Pharoah Sanders,Prince Of Peace,,Jazzman Records,31,Gilles Peterson,"Joining The Musical Dots: Beth Orton & Friends, Shuya Okino",2022-09-24T15:00:00+01:00
Duke Ellington,Sunset and the Mockingbird,,Pablo Records,0,Gilles Peterson,Joining The Musical Dots: Beth Orton & Friends at Maida Vale,2022-09-17T15:00:00+01:00
Charles Stepney,Roll Tape,,International Anthem,1,Gilles Peterson,Joining The Musical Dots: Beth Orton & Friends at Maida Vale,2022-09-17T15:00:00+01:00
Makaya McCraven,The Fours,,International Anthem,2,Gilles Peterson,Joining The Musical Dots: Beth Orton & Friends at Maida Vale,2022-09-17T15:00:00+01:00
Tony Allen,There's No End,,There Is No End,3,Gilles Peterson,Joining The Musical Dots: Beth Orton & Friends at Maida Vale,2022-09-17T15:00:00+01:00
Kham Meslien,Ta confidence,,Heavenly Sweetness,4,Gilles Peterson,Joining The Musical Dots: Beth Orton & Friends at Maida Vale,2022-09-17T15:00:00+01:00
Qur'an Shaheed,Thrive,,BBE Music,5,Gilles Peterson,Joining The Musical Dots: Beth Orton & Friends at Maida Vale,2022-09-17T15:00:00+01:00
Jonah Yano,Always,,Innovative Leisure,6,Gilles Peterson,Joining The Musical Dots: Beth Orton & Friends at Maida Vale,2022-09-17T15:00:00+01:00
Su Ra Arkestra,Chopin,,Omni Sound,7,Gilles Peterson,Joining The Musical Dots: Beth Orton & Friends at Maida Vale,2022-09-17T15:00:00+01:00
Florence Adooni,Fo Yelle,,Philphon,8,Gilles Peterson,Joining The Musical Dots: Beth Orton & Friends at Maida Vale,2022-09-17T15:00:00+01:00
Alhaji Waziri Oshomah,Forgive Them Oh God Amin - Amin,,Luaka Bop,9,Gilles Peterson,Joining The Musical Dots: Beth Orton & Friends at Maida Vale,2022-09-17T15:00:00+01:00
Karen Nyama KG,Taboo (Dub),,Black Acre,10,Gilles Peterson,Joining The Musical Dots: Beth Orton & Friends at Maida Vale,2022-09-17T15:00:00+01:00
Ghostchant,Sincerity (K3:lu Remix),,Tangential Music,11,Gilles Peterson,Joining The Musical Dots: Beth Orton & Friends at Maida Vale,2022-09-17T15:00:00+01:00
La Perla,Chicharachera,,MamboNegroRecords,12,Gilles Peterson,Joining The Musical Dots: Beth Orton & Friends at Maida Vale,2022-09-17T15:00:00+01:00
Los Corraleros de Majagual,Mondongo,,Vampisoul,13,Gilles Peterson,Joining The Musical Dots: Beth Orton & Friends at Maida Vale,2022-09-17T15:00:00+01:00
Crown Heights Affair,Dreaming A Dream (Disco),,,14,Gilles Peterson,Joining The Musical Dots: Beth Orton & Friends at Maida Vale,2022-09-17T15:00:00+01:00
Chic,Open Up,,Atlantic,15,Gilles Peterson,Joining The Musical Dots: Beth Orton & Friends at Maida Vale,2022-09-17T15:00:00+01:00
Goldie Alexander,Show You My Love,,UNIDISC MUSIC INC.,16,Gilles Peterson,Joining The Musical Dots: Beth Orton & Friends at Maida Vale,2022-09-17T15:00:00+01:00
STR4TA,Turn Me Around,,Brownswood Recordings,17,Gilles Peterson,Joining The Musical Dots: Beth Orton & Friends at Maida Vale,2022-09-17T15:00:00+01:00
Charles Stepney,Black Gold,,International Anthem,18,Gilles Peterson,Joining The Musical Dots: Beth Orton & Friends at Maida Vale,2022-09-17T15:00:00+01:00
Minnie Riperton,Les Fleurs,,GRT,19,Gilles Peterson,Joining The Musical Dots: Beth Orton & Friends at Maida Vale,2022-09-17T15:00:00+01:00
Ramsey Lewis,Dear Prudence,,KMO Music,20,Gilles Peterson,Joining The Musical Dots: Beth Orton & Friends at Maida Vale,2022-09-17T15:00:00+01:00
Ramsey LewisStevie Wonder,Spring High,,CBS,21,Gilles Peterson,Joining The Musical Dots: Beth Orton & Friends at Maida Vale,2022-09-17T15:00:00+01:00
Yazmin Lacey,90 Degrees,,First Word Records,22,Gilles Peterson,Joining The Musical Dots: Beth Orton & Friends at Maida Vale,2022-09-17T15:00:00+01:00
Alan Hawkshaw,Mystique,,KMO Music,23,Gilles Peterson,Joining The Musical Dots: Beth Orton & Friends at Maida Vale,2022-09-17T15:00:00+01:00
Yazmin Lacey,Marie,,Future Bubblers,24,Gilles Peterson,Joining The Musical Dots: Beth Orton & Friends at Maida Vale,2022-09-17T15:00:00+01:00
Mansur Brown,Rise,,Amai Records,25,Gilles Peterson,Joining The Musical Dots: Beth Orton & Friends at Maida Vale,2022-09-17T15:00:00+01:00
Yazmin LaceyJoe Armon‐Jones,Something My Heart Trusts (Live at Poisson Rouge 2019),,,26,Gilles Peterson,Joining The Musical Dots: Beth Orton & Friends at Maida Vale,2022-09-17T15:00:00+01:00
Magician,Bazaar,,Morgan Blue Town,27,Gilles Peterson,Joining The Musical Dots: Beth Orton & Friends at Maida Vale,2022-09-17T15:00:00+01:00
Yazmin Lacey,Pieces,,Own Your Own Records,28,Gilles Peterson,Joining The Musical Dots: Beth Orton & Friends at Maida Vale,2022-09-17T15:00:00+01:00
Wanda Sá,Tristeza de Amar,,Vampi Soul,29,Gilles Peterson,Joining The Musical Dots: Beth Orton & Friends at Maida Vale,2022-09-17T15:00:00+01:00
Chassol,I Figli Morti,,Tricatel,30,Gilles Peterson,Joining The Musical Dots: Beth Orton & Friends at Maida Vale,2022-09-17T15:00:00+01:00
MJ Cole,Waiting For The Day,,Talkin' Loud,31,Gilles Peterson,Joining The Musical Dots: Beth Orton & Friends at Maida Vale,2022-09-17T15:00:00+01:00
Sherrick,Just Call,,Warner Bros. Records,32,Gilles Peterson,Joining The Musical Dots: Beth Orton & Friends at Maida Vale,2022-09-17T15:00:00+01:00
Ronald Langestraat,Double Star,,South of North,33,Gilles Peterson,Joining The Musical Dots: Beth Orton & Friends at Maida Vale,2022-09-17T15:00:00+01:00
Arjuna Oakes & Serebii,Flavour,,Innovative Leisure,34,Gilles Peterson,Joining The Musical Dots: Beth Orton & Friends at Maida Vale,2022-09-17T15:00:00+01:00
George Riley,Delusion,,PLZ Make It Ruins,35,Gilles Peterson,Joining The Musical Dots: Beth Orton & Friends at Maida Vale,2022-09-17T15:00:00+01:00
Thelonious Monk,Round Midnight,,Blue Note,36,Gilles Peterson,Joining The Musical Dots: Beth Orton & Friends at Maida Vale,2022-09-17T15:00:00+01:00
Church Of God Christ Choir,Lord Deliver Us,,,37,Gilles Peterson,Joining The Musical Dots: Beth Orton & Friends at Maida Vale,2022-09-17T15:00:00+01:00
Roge,Existe Uma Voz,,Diamond West Records,38,Gilles Peterson,Joining The Musical Dots: Beth Orton & Friends at Maida Vale,2022-09-17T15:00:00+01:00
The Brother Moves On,Bayakhala,,Native Rebel Recordings,39,Gilles Peterson,Joining The Musical Dots: Beth Orton & Friends at Maida Vale,2022-09-17T15:00:00+01:00
Born Under a Rhyming Planet,Fete,,DDS,40,Gilles Peterson,Joining The Musical Dots: Beth Orton & Friends at Maida Vale,2022-09-17T15:00:00+01:00
Frankie Knuckles,Your Love,,Trax Records,41,Gilles Peterson,Joining The Musical Dots: Beth Orton & Friends at Maida Vale,2022-09-17T15:00:00+01:00
Roy Ayers,Sweet Butterfly Of Love,,Polydor Records,42,Gilles Peterson,Joining The Musical Dots: Beth Orton & Friends at Maida Vale,2022-09-17T15:00:00+01:00
Roy Ayers,Sweet Tears,,Polydor Records,43,Gilles Peterson,Joining The Musical Dots: Beth Orton & Friends at Maida Vale,2022-09-17T15:00:00+01:00
Fracture,860,,Astrophonica,42,Gilles Peterson,Joining the musical dots: Maya Delilah & Conor Albert,2022-10-08T15:00:00+01:00
Freddie HubbardTed NashCraig Handy,Red ClayTed NashCraig Handy,,CTI Records,0,Gilles Peterson,01/10/2022,2022-10-01T15:00:00+01:00
Gabriels,Angels & Queens,,Atlas Artists / Parlophone Records,1,Gilles Peterson,01/10/2022,2022-10-01T15:00:00+01:00
Chaka Khan,Live In Me,,ABC Records,2,Gilles Peterson,01/10/2022,2022-10-01T15:00:00+01:00
Ryan Porter,The Black Flame,,,3,Gilles Peterson,01/10/2022,2022-10-01T15:00:00+01:00
"Grover Washington, Jr.",Hydra,,Verve Reissues,4,Gilles Peterson,01/10/2022,2022-10-01T15:00:00+01:00
Ari Lennox,POF,,Dreamville / Interscope,5,Gilles Peterson,01/10/2022,2022-10-01T15:00:00+01:00
Joyce Moreno,Ciclo Da Vida,,Far Out Recordings,6,Gilles Peterson,01/10/2022,2022-10-01T15:00:00+01:00
Sun Ra Arkestra,Somebody Else's Idea,,,7,Gilles Peterson,01/10/2022,2022-10-01T15:00:00+01:00
Crow Billiken,Illini Blues,,Ruby Yacht,8,Gilles Peterson,01/10/2022,2022-10-01T15:00:00+01:00
R.A.P. FerreiraHemlock Ernst,mythsysizer instinctHemlock Ernst,,Ruby Yacht,9,Gilles Peterson,01/10/2022,2022-10-01T15:00:00+01:00
Emmeline,Frank,,,10,Gilles Peterson,01/10/2022,2022-10-01T15:00:00+01:00
Raffy Bushman,Feel The Morning,,New Soil,11,Gilles Peterson,01/10/2022,2022-10-01T15:00:00+01:00
Black ThoughtMichael Kiwanuka,AquamarineMichael Kiwanuka,,BMG,12,Gilles Peterson,01/10/2022,2022-10-01T15:00:00+01:00
Black Thought,Identical Deaths,,BMG,13,Gilles Peterson,01/10/2022,2022-10-01T15:00:00+01:00
Yaahn Hunter JR.Ana Pshokina,Vintage Chill VibesAna Pshokina,,Yhuntermusic Productions,14,Gilles Peterson,01/10/2022,2022-10-01T15:00:00+01:00
Ari Lennox,Mean Mug,,Dreamville / Interscope,15,Gilles Peterson,01/10/2022,2022-10-01T15:00:00+01:00
Fafá de Belém,Gostoso,,Philips,16,Gilles Peterson,01/10/2022,2022-10-01T15:00:00+01:00
Joni & Z,Nem Voce Pode Entender,,Tapecar,17,Gilles Peterson,01/10/2022,2022-10-01T15:00:00+01:00
Joyce Moreno,Pega Leve,,Far Out Recordings,18,Gilles Peterson,01/10/2022,2022-10-01T15:00:00+01:00
Tamba 4,Samba Blim,,A&M Records,19,Gilles Peterson,01/10/2022,2022-10-01T15:00:00+01:00
BatidaLia de Itamaraca´DJ Dolores,Tem Dor (Africa de Itamaraca´)Lia de Itamaraca´DJ Dolores,,Crammed Discs Belgium,20,Gilles Peterson,01/10/2022,2022-10-01T15:00:00+01:00
BatidaJoa~o Morgado,Sou Eu!Joa~o Morgado,,Crammed Discs Belgium,21,Gilles Peterson,01/10/2022,2022-10-01T15:00:00+01:00
Batida,Sou Eu! REMIX,,,22,Gilles Peterson,01/10/2022,2022-10-01T15:00:00+01:00
Sault,Don't Shoot Batida,,,23,Gilles Peterson,01/10/2022,2022-10-01T15:00:00+01:00
Aida Al Hani,Kafeja Gati,,Rocket Recordings,24,Gilles Peterson,01/10/2022,2022-10-01T15:00:00+01:00
Nyati Mayi & The Astral Synth Transmitters,Lolokele,,Rocket Recordings,25,Gilles Peterson,01/10/2022,2022-10-01T15:00:00+01:00
Miles Davis,Human Nature (Alternate),,Pearl Hunters,26,Gilles Peterson,01/10/2022,2022-10-01T15:00:00+01:00
Tara Lily,Niama,,,27,Gilles Peterson,01/10/2022,2022-10-01T15:00:00+01:00
Asha Puthli,Space Talk,,,28,Gilles Peterson,01/10/2022,2022-10-01T15:00:00+01:00
Photek,Rings Around Saturn (Peshay & Decoder Remix),,Science,29,Gilles Peterson,01/10/2022,2022-10-01T15:00:00+01:00
Tara Lily,Don't Explain,,,30,Gilles Peterson,01/10/2022,2022-10-01T15:00:00+01:00
SUCHI,Seher (Edit),,,31,Gilles Peterson,01/10/2022,2022-10-01T15:00:00+01:00
Ian Fink,Moonlite (Duality,,,32,Gilles Peterson,01/10/2022,2022-10-01T15:00:00+01:00
Nok Cultural Ensemble,Njhyi,,,33,Gilles Peterson,01/10/2022,2022-10-01T15:00:00+01:00
Nok Cultural Ensemble,Nietatangwat,,,34,Gilles Peterson,01/10/2022,2022-10-01T15:00:00+01:00
Nok Cultural EnsembleSimelineSulyiman,KyangmaSimelineSulyiman,,,35,Gilles Peterson,01/10/2022,2022-10-01T15:00:00+01:00
Nok Cultural Ensemble,Ancestral Visions,,,36,Gilles Peterson,01/10/2022,2022-10-01T15:00:00+01:00
Nok Cultural EnsembleAngel Bat Dawid,EnlightenmentAngel Bat Dawid,,,37,Gilles Peterson,01/10/2022,2022-10-01T15:00:00+01:00
Nok Cultural EnsembleNubya Garcia,Y.T.T.T.Nubya Garcia,,,38,Gilles Peterson,01/10/2022,2022-10-01T15:00:00+01:00
Nok Cultural EnsembleTheon Cross,AwakeningTheon Cross,,,39,Gilles Peterson,01/10/2022,2022-10-01T15:00:00+01:00
BCUC,Elektronikaliza,,On The Corner Records,40,Gilles Peterson,01/10/2022,2022-10-01T15:00:00+01:00
Seun Kuti,Love and Revolution (Live),,,41,Gilles Peterson,01/10/2022,2022-10-01T15:00:00+01:00
Fernando Rosales,Los Esqueletos,,Machuca,42,Gilles Peterson,01/10/2022,2022-10-01T15:00:00+01:00
Gabriels,Mama,,Atlas Artists / Parlophone Records,43,Gilles Peterson,01/10/2022,2022-10-01T15:00:00+01:00
Bugge wesseltoft / Henrik shwarz,Woodened stone,,,44,Gilles Peterson,01/10/2022,2022-10-01T15:00:00+01:00
Edrix Puzzle,V11,,,45,Gilles Peterson,01/10/2022,2022-10-01T15:00:00+01:00
Daphni,Fly Away,,,46,Gilles Peterson,01/10/2022,2022-10-01T15:00:00+01:00
Highway Motion,Double O One Disco,,Freestyle Records,47,Gilles Peterson,01/10/2022,2022-10-01T15:00:00+01:00
Lavias,Do You Want To Dance (Extended Version),,,48,Gilles Peterson,01/10/2022,2022-10-01T15:00:00+01:00
Greg Henderson,Dreamin',,,49,Gilles Peterson,01/10/2022,2022-10-01T15:00:00+01:00
The Whatnauts,Help Is On The Way,,,50,Gilles Peterson,01/10/2022,2022-10-01T15:00:00+01:00
Sass,Do It,,,51,Gilles Peterson,01/10/2022,2022-10-01T15:00:00+01:00
Aswad,Hey Jah Children,,Chrysalis,0,Gilles Peterson,"Joining The Musical Dots: Lupe Fiasco, Wu-Lu & Friends",2022-09-03T15:00:00+01:00
Tenor Saw,Ring The Alarm,,Techniques,1,Gilles Peterson,"Joining The Musical Dots: Lupe Fiasco, Wu-Lu & Friends",2022-09-03T15:00:00+01:00
Thee Sacred Souls,Future Lover,,Penrose/Daptone Records,2,Gilles Peterson,"Joining The Musical Dots: Lupe Fiasco, Wu-Lu & Friends",2022-09-03T15:00:00+01:00
The Pro-Teens,Curls,,College Of Knowledge Records,3,Gilles Peterson,"Joining The Musical Dots: Lupe Fiasco, Wu-Lu & Friends",2022-09-03T15:00:00+01:00
MF DOOM,Curls,,Stonesthrow Records,4,Gilles Peterson,"Joining The Musical Dots: Lupe Fiasco, Wu-Lu & Friends",2022-09-03T15:00:00+01:00
Quasimodo,Come On Feet,,Stonesthrow Records,5,Gilles Peterson,"Joining The Musical Dots: Lupe Fiasco, Wu-Lu & Friends",2022-09-03T15:00:00+01:00
FRED,C'mon Feet,,Mad About Records,6,Gilles Peterson,"Joining The Musical Dots: Lupe Fiasco, Wu-Lu & Friends",2022-09-03T15:00:00+01:00
Machine,Only People Can Save The World,,Essential Media Group,7,Gilles Peterson,"Joining The Musical Dots: Lupe Fiasco, Wu-Lu & Friends",2022-09-03T15:00:00+01:00
Swindle,Miss Kane,,Blue Note,8,Gilles Peterson,"Joining The Musical Dots: Lupe Fiasco, Wu-Lu & Friends",2022-09-03T15:00:00+01:00
Louis Cole,I'm Tight,,Brainfeeder,9,Gilles Peterson,"Joining The Musical Dots: Lupe Fiasco, Wu-Lu & Friends",2022-09-03T15:00:00+01:00
George Michael,Careless Whisper (Alex Patchwork Remix),,,10,Gilles Peterson,"Joining The Musical Dots: Lupe Fiasco, Wu-Lu & Friends",2022-09-03T15:00:00+01:00
Lee “Scratch” Perry,Chase The Devil,,,11,Gilles Peterson,"Joining The Musical Dots: Lupe Fiasco, Wu-Lu & Friends",2022-09-03T15:00:00+01:00
Lionel LouekeGilles Peterson,Butterfly,,Edition Records,12,Gilles Peterson,"Joining The Musical Dots: Lupe Fiasco, Wu-Lu & Friends",2022-09-03T15:00:00+01:00
Kenny Beats,Hot Hand,,XL Recordings,13,Gilles Peterson,"Joining The Musical Dots: Lupe Fiasco, Wu-Lu & Friends",2022-09-03T15:00:00+01:00
Steve Lehman,Dual Ndoxol,,22 Sound Records,14,Gilles Peterson,"Joining The Musical Dots: Lupe Fiasco, Wu-Lu & Friends",2022-09-03T15:00:00+01:00
Sarathy KorwarPhotay,Utopia Is A Colonial ProjectPhotay,,The Leaf Label,15,Gilles Peterson,"Joining The Musical Dots: Lupe Fiasco, Wu-Lu & Friends",2022-09-03T15:00:00+01:00
Nikki Nair,It's NP Complicated,,Astrophonica,16,Gilles Peterson,"Joining The Musical Dots: Lupe Fiasco, Wu-Lu & Friends",2022-09-03T15:00:00+01:00
Rahsaan Roland Kirk,Three For The Festival (Live at Ronnie Scott's 1963),,Gearbox,17,Gilles Peterson,"Joining The Musical Dots: Lupe Fiasco, Wu-Lu & Friends",2022-09-03T15:00:00+01:00
Roger Damawuzan,Red Light,,Hot Casa Records,18,Gilles Peterson,"Joining The Musical Dots: Lupe Fiasco, Wu-Lu & Friends",2022-09-03T15:00:00+01:00
Afrodesia,How High Is High,,,19,Gilles Peterson,"Joining The Musical Dots: Lupe Fiasco, Wu-Lu & Friends",2022-09-03T15:00:00+01:00
Milton Jackson,Closure,,,20,Gilles Peterson,"Joining The Musical Dots: Lupe Fiasco, Wu-Lu & Friends",2022-09-03T15:00:00+01:00
Marcos Valle,Estrelar,,Som Livre,21,Gilles Peterson,"Joining The Musical Dots: Lupe Fiasco, Wu-Lu & Friends",2022-09-03T15:00:00+01:00
Roge,Pra Vida,,Fatiado Discos,22,Gilles Peterson,"Joining The Musical Dots: Lupe Fiasco, Wu-Lu & Friends",2022-09-03T15:00:00+01:00
Marconi Notaro,Maracatu,,,23,Gilles Peterson,"Joining The Musical Dots: Lupe Fiasco, Wu-Lu & Friends",2022-09-03T15:00:00+01:00
Wu-LuDemae,Take Stage (Live at BBC Maida Vale)Demae,,,24,Gilles Peterson,"Joining The Musical Dots: Lupe Fiasco, Wu-Lu & Friends",2022-09-03T15:00:00+01:00
Wu-LuAsha Lorenz,Night Pill (Live at BBC Maida Vale)Asha Lorenz,,,25,Gilles Peterson,"Joining The Musical Dots: Lupe Fiasco, Wu-Lu & Friends",2022-09-03T15:00:00+01:00
Wu-LuSkye,Calo Paste (Live at BBC Maida Vale)Skye,,,26,Gilles Peterson,"Joining The Musical Dots: Lupe Fiasco, Wu-Lu & Friends",2022-09-03T15:00:00+01:00
Pharoah Sanders,Prince Of Peace,,Strata-East,27,Gilles Peterson,"Joining The Musical Dots: Lupe Fiasco, Wu-Lu & Friends",2022-09-03T15:00:00+01:00
Sam Wilkes & Jacob Mann,Dr. T,,LEAVING RECORDS,28,Gilles Peterson,"Joining The Musical Dots: Lupe Fiasco, Wu-Lu & Friends",2022-09-03T15:00:00+01:00
Donald,"A Ver, A Ver (Ric Piccolo)",,Soundway Records,29,Gilles Peterson,"Joining The Musical Dots: Lupe Fiasco, Wu-Lu & Friends",2022-09-03T15:00:00+01:00
Eddie Chacon,Holy Hell,,Day End Records,30,Gilles Peterson,"Joining The Musical Dots: Lupe Fiasco, Wu-Lu & Friends",2022-09-03T15:00:00+01:00
Poison Zcora,Watch Them Steal An Ancient Abacus,,,31,Gilles Peterson,"Joining The Musical Dots: Lupe Fiasco, Wu-Lu & Friends",2022-09-03T15:00:00+01:00
Julian y su Combo,Enyere Kumbara,,Vampi Soul Records,32,Gilles Peterson,"Joining The Musical Dots: Lupe Fiasco, Wu-Lu & Friends",2022-09-03T15:00:00+01:00
Fela Kuti,Shakara,,EMI,33,Gilles Peterson,"Joining The Musical Dots: Lupe Fiasco, Wu-Lu & Friends",2022-09-03T15:00:00+01:00
Ezra CollectiveSampa the Great,Life Goes OnSampa the Great,,Partisan Records,34,Gilles Peterson,"Joining The Musical Dots: Lupe Fiasco, Wu-Lu & Friends",2022-09-03T15:00:00+01:00
Joey DeFrancesco,Thriller,,HighNote Records,35,Gilles Peterson,"Joining The Musical Dots: Lupe Fiasco, Wu-Lu & Friends",2022-09-03T15:00:00+01:00
Lupe Fiasco,DRILL MUSIC IN ZION,,1st and 15th too,36,Gilles Peterson,"Joining The Musical Dots: Lupe Fiasco, Wu-Lu & Friends",2022-09-03T15:00:00+01:00
Lupe Fiasco,"Kick, Push",,1st & 15th/Atlantic,37,Gilles Peterson,"Joining The Musical Dots: Lupe Fiasco, Wu-Lu & Friends",2022-09-03T15:00:00+01:00
Lupe FiascoAyesha Jaco,The Lion's DeenAyesha Jaco,,1st and 15th too,38,Gilles Peterson,"Joining The Musical Dots: Lupe Fiasco, Wu-Lu & Friends",2022-09-03T15:00:00+01:00
Lupe Fiasco,Ghoti,,1st and 15th too,39,Gilles Peterson,"Joining The Musical Dots: Lupe Fiasco, Wu-Lu & Friends",2022-09-03T15:00:00+01:00
Lupe FiascoVirgil Abloh,Homme MadeVirgil Abloh,,1st and 15th too,40,Gilles Peterson,"Joining The Musical Dots: Lupe Fiasco, Wu-Lu & Friends",2022-09-03T15:00:00+01:00
Lupe FiascoVirgil Abloh,ShoesVirgil Abloh,,1st and 15th and Thirty Tigers,41,Gilles Peterson,"Joining The Musical Dots: Lupe Fiasco, Wu-Lu & Friends",2022-09-03T15:00:00+01:00
Lupe Fiasco,Ms Mural,,1st and 15th too,42,Gilles Peterson,"Joining The Musical Dots: Lupe Fiasco, Wu-Lu & Friends",2022-09-03T15:00:00+01:00
Milt Robinson,What It Is,,,43,Gilles Peterson,"Joining The Musical Dots: Lupe Fiasco, Wu-Lu & Friends",2022-09-03T15:00:00+01:00
Joyce Moreno,You're Listening To Gilles Peterson,,,44,Gilles Peterson,"Joining The Musical Dots: Lupe Fiasco, Wu-Lu & Friends",2022-09-03T15:00:00+01:00
Joyce Moreno,Descompassdamente,,Far Out Recordings,45,Gilles Peterson,"Joining The Musical Dots: Lupe Fiasco, Wu-Lu & Friends",2022-09-03T15:00:00+01:00
Elk,Mr Sadness,,Warm Records,46,Gilles Peterson,"Joining The Musical Dots: Lupe Fiasco, Wu-Lu & Friends",2022-09-03T15:00:00+01:00
Billy Valentine,We The People Who Are Darker Than Blue,,Acid Jazz Records,47,Gilles Peterson,"Joining The Musical Dots: Lupe Fiasco, Wu-Lu & Friends",2022-09-03T15:00:00+01:00
Spirit of Sundaze EnsembleWayne Snow,Mine To GiveWayne Snow,,Secretsundaze,48,Gilles Peterson,"Joining The Musical Dots: Lupe Fiasco, Wu-Lu & Friends",2022-09-03T15:00:00+01:00
Trussel,Love Injection,,Elektra,49,Gilles Peterson,"Joining The Musical Dots: Lupe Fiasco, Wu-Lu & Friends",2022-09-03T15:00:00+01:00
Joey DeFrancescoPharoah Sanders,The Creator Has A Master Plan,,Mack Avenue Records,0,Gilles Peterson,24/09/2022,2022-09-24T15:00:00+01:00
Takuro Okada,A Love Supreme,,Newhere Music,1,Gilles Peterson,24/09/2022,2022-09-24T15:00:00+01:00
Iman Houssein,Their Eyes,,BBE Music,2,Gilles Peterson,24/09/2022,2022-09-24T15:00:00+01:00
Shirley Nanette,Sometimes,,Big Crown Records,3,Gilles Peterson,24/09/2022,2022-09-24T15:00:00+01:00
Roy Ayers,Searching,,Universal Records,4,Gilles Peterson,24/09/2022,2022-09-24T15:00:00+01:00
IZCO,She Wicked,,Unreleased,5,Gilles Peterson,24/09/2022,2022-09-24T15:00:00+01:00
dreamcastmoeShungu,Don't Let Me Down,,BBE Music,6,Gilles Peterson,24/09/2022,2022-09-24T15:00:00+01:00
Commodo,Fear Loop,,Mysterious Trax,7,Gilles Peterson,24/09/2022,2022-09-24T15:00:00+01:00
Pharoah Sanders,You've Got to Have Freedom,,Theresa Records,8,Gilles Peterson,24/09/2022,2022-09-24T15:00:00+01:00
Makaya McCraven,"This Place, That Place",,"XL Recordings, International Anthem, Nonesuch",9,Gilles Peterson,24/09/2022,2022-09-24T15:00:00+01:00
Beth Orton,Rectify,,Astralwerks/EMI,10,Gilles Peterson,24/09/2022,2022-09-24T15:00:00+01:00
Terry Callier,Holdin' On (To Your Love),,Elektra,11,Gilles Peterson,24/09/2022,2022-09-24T15:00:00+01:00
Little DragonStefan Sandberg,PeaceStefan Sandberg,,Ninja Tune,12,Gilles Peterson,24/09/2022,2022-09-24T15:00:00+01:00
Alice ColtranePharoah Sanders,Journey In SatchidandaPharoah Sanders,,Impulse! Records,13,Gilles Peterson,24/09/2022,2022-09-24T15:00:00+01:00
Beth Orton,Fractals (Live at Maida Vale),,,14,Gilles Peterson,24/09/2022,2022-09-24T15:00:00+01:00
Beth Orton,Friday Night (Live at Maida Vale),,,15,Gilles Peterson,24/09/2022,2022-09-24T15:00:00+01:00
Beth Orton,Forever Young (Live at Maida Vale),,,16,Gilles Peterson,24/09/2022,2022-09-24T15:00:00+01:00
Flevans,It Takes The Whole Day,,Jalapeno Records,17,Gilles Peterson,24/09/2022,2022-09-24T15:00:00+01:00
Yaw Evans,Millenium Groove,,GD4YA,18,Gilles Peterson,24/09/2022,2022-09-24T15:00:00+01:00
Pharoah Sanders,Pharomba,,Arista Records,19,Gilles Peterson,24/09/2022,2022-09-24T15:00:00+01:00
Seguida,On Our Way,,Fania Records,20,Gilles Peterson,24/09/2022,2022-09-24T15:00:00+01:00
Geriboam,Copy 1,,,21,Gilles Peterson,24/09/2022,2022-09-24T15:00:00+01:00
War,Galaxy (French Version),,Avenue Records,22,Gilles Peterson,24/09/2022,2022-09-24T15:00:00+01:00
Brooklyn Express,You Need a Change of Mind,,BC Records,23,Gilles Peterson,24/09/2022,2022-09-24T15:00:00+01:00
Brooklyn Express,Back In Time,,BC Records,24,Gilles Peterson,24/09/2022,2022-09-24T15:00:00+01:00
Kyoto Jazz Massive,Astral Ascension,,Extra Freedom,25,Gilles Peterson,24/09/2022,2022-09-24T15:00:00+01:00
Kyoto Jazz Sextet,Succotash,,Blue Note,26,Gilles Peterson,24/09/2022,2022-09-24T15:00:00+01:00
Sleep WalkerPharoah Sanders,The VoyagePharoah Sanders,,Especial Records,27,Gilles Peterson,24/09/2022,2022-09-24T15:00:00+01:00
Pharoah Sanders,Japan,,Impulse! Records,28,Gilles Peterson,24/09/2022,2022-09-24T15:00:00+01:00
Sameer Ahmad,Genesis,,"Bad Cop Bad Cop, iHH Records",29,Gilles Peterson,24/09/2022,2022-09-24T15:00:00+01:00
Pharoah Sanders,Astral Traveling,,Impulse! Records,30,Gilles Peterson,24/09/2022,2022-09-24T15:00:00+01:00
Pharoah Sanders,Prince Of Peace,,Jazzman Records,31,Gilles Peterson,24/09/2022,2022-09-24T15:00:00+01:00
Sam Gendel,"Uroko (鱗, fish scales)",,Leaving Records,0,Gilles Peterson,Joining The Musical Dots: Kahil El'Zabar and Isaiah Collier,2022-08-27T15:00:00+01:00
Michael HendersonRoberter Flack,At The Concert,,Buddah Records,1,Gilles Peterson,Joining The Musical Dots: Kahil El'Zabar and Isaiah Collier,2022-08-27T15:00:00+01:00
Paul Randolph,Fall Away,,Sun Temple Records,2,Gilles Peterson,Joining The Musical Dots: Kahil El'Zabar and Isaiah Collier,2022-08-27T15:00:00+01:00
Andy Hay,Lost Lonnie,,not on label,3,Gilles Peterson,Joining The Musical Dots: Kahil El'Zabar and Isaiah Collier,2022-08-27T15:00:00+01:00
Pharoah Sanders,Astral Travelling,,MCA Impulse!,4,Gilles Peterson,Joining The Musical Dots: Kahil El'Zabar and Isaiah Collier,2022-08-27T15:00:00+01:00
Kahil El’Zabar Quartet,Summertime,,Spiritmuse Records,5,Gilles Peterson,Joining The Musical Dots: Kahil El'Zabar and Isaiah Collier,2022-08-27T15:00:00+01:00
Ethnic Heritage Ensemble,Pharoah,,Spiritmuse Records,6,Gilles Peterson,Joining The Musical Dots: Kahil El'Zabar and Isaiah Collier,2022-08-27T15:00:00+01:00
Kahil El’Zabar Quartet,Katon,,Spiritmuse Records,7,Gilles Peterson,Joining The Musical Dots: Kahil El'Zabar and Isaiah Collier,2022-08-27T15:00:00+01:00
Kahil El'Zabar & Ritual TrioPharoah Sanders,Africanos/Latinos,,Delmark Records,8,Gilles Peterson,Joining The Musical Dots: Kahil El'Zabar and Isaiah Collier,2022-08-27T15:00:00+01:00
John MartynKahil El’Zabar,Go Down Easy,,Craft Recordings,9,Gilles Peterson,Joining The Musical Dots: Kahil El'Zabar and Isaiah Collier,2022-08-27T15:00:00+01:00
Kahil El’Zabar,He's Got The World In His Hands (Henrik Schewarz Remix),,Deeper SOul Recordings,10,Gilles Peterson,Joining The Musical Dots: Kahil El'Zabar and Isaiah Collier,2022-08-27T15:00:00+01:00
Isaiah CollierThe Chosen Few,Cosmic Transitions,,Division 81,11,Gilles Peterson,Joining The Musical Dots: Kahil El'Zabar and Isaiah Collier,2022-08-27T15:00:00+01:00
Infinite Spirit Music,Bright Tune,,Jazzman,12,Gilles Peterson,Joining The Musical Dots: Kahil El'Zabar and Isaiah Collier,2022-08-27T15:00:00+01:00
Kahil El’Zabar,How Can We Mend A Broken Heart,,Spiritmuse,13,Gilles Peterson,Joining The Musical Dots: Kahil El'Zabar and Isaiah Collier,2022-08-27T15:00:00+01:00
Jaimie Branch,Nuevo Roquero Estereo,,International Anthem Recording,14,Gilles Peterson,Joining The Musical Dots: Kahil El'Zabar and Isaiah Collier,2022-08-27T15:00:00+01:00
Jaimie Branch,Theme 002,,International Anthem Recordings,15,Gilles Peterson,Joining The Musical Dots: Kahil El'Zabar and Isaiah Collier,2022-08-27T15:00:00+01:00
Medicine Singers,Sunset,,Joyful Noise,16,Gilles Peterson,Joining The Musical Dots: Kahil El'Zabar and Isaiah Collier,2022-08-27T15:00:00+01:00
JoakimThe Chosen Few,Waves Ahead,,Tigersushi Records,17,Gilles Peterson,Joining The Musical Dots: Kahil El'Zabar and Isaiah Collier,2022-08-27T15:00:00+01:00
Jaimie Branch,Prayer For Amerikkka pt. 1 & 2,,International Anthem Recording,18,Gilles Peterson,Joining The Musical Dots: Kahil El'Zabar and Isaiah Collier,2022-08-27T15:00:00+01:00
KOKOROKO,Home (live recording),,N/A,19,Gilles Peterson,Joining The Musical Dots: Kahil El'Zabar and Isaiah Collier,2022-08-27T15:00:00+01:00
Vieux Farka TouréKhruangbin,Savanne,,Dead Oceans,20,Gilles Peterson,Joining The Musical Dots: Kahil El'Zabar and Isaiah Collier,2022-08-27T15:00:00+01:00
Christian Besa Wright,Cherry Blossom Oak,,Christian Besa Wright,21,Gilles Peterson,Joining The Musical Dots: Kahil El'Zabar and Isaiah Collier,2022-08-27T15:00:00+01:00
Cy Timmons,Nowhere,,Erewhon Music,22,Gilles Peterson,Joining The Musical Dots: Kahil El'Zabar and Isaiah Collier,2022-08-27T15:00:00+01:00
V.C.R,TRiP,,Leaving Records,23,Gilles Peterson,Joining The Musical Dots: Kahil El'Zabar and Isaiah Collier,2022-08-27T15:00:00+01:00
Mystery Kindaichi Band,Yatsuhakamura (Eight Village Grace),,Wewantsounds,24,Gilles Peterson,Joining The Musical Dots: Kahil El'Zabar and Isaiah Collier,2022-08-27T15:00:00+01:00
Gene Harris,Losalamitos,,Blue Note,25,Gilles Peterson,Joining The Musical Dots: Kahil El'Zabar and Isaiah Collier,2022-08-27T15:00:00+01:00
Duke Ellington,Sunset and the Mockingbird,,Pablo Records,0,Gilles Peterson,17/09/2022,2022-09-17T15:00:00+01:00
Charles Stepney,Roll Tape,,International Anthem,1,Gilles Peterson,17/09/2022,2022-09-17T15:00:00+01:00
Makaya McCraven,The Fours,,International Anthem,2,Gilles Peterson,17/09/2022,2022-09-17T15:00:00+01:00
Tony Allen,There's No End,,There Is No End,3,Gilles Peterson,17/09/2022,2022-09-17T15:00:00+01:00
Kham Meslien,Ta confidence,,Heavenly Sweetness,4,Gilles Peterson,17/09/2022,2022-09-17T15:00:00+01:00
Qur'an Shaheed,Thrive,,BBE Music,5,Gilles Peterson,17/09/2022,2022-09-17T15:00:00+01:00
Jonah Yano,Always,,Innovative Leisure,6,Gilles Peterson,17/09/2022,2022-09-17T15:00:00+01:00
Su Ra Arkestra,Chopin,,Omni Sound,7,Gilles Peterson,17/09/2022,2022-09-17T15:00:00+01:00
Florence Adooni,Fo Yelle,,Philphon,8,Gilles Peterson,17/09/2022,2022-09-17T15:00:00+01:00
Alhaji Waziri Oshomah,Forgive Them Oh God Amin - Amin,,Luaka Bop,9,Gilles Peterson,17/09/2022,2022-09-17T15:00:00+01:00
Karen Nyama KG,Taboo (Dub),,Black Acre,10,Gilles Peterson,17/09/2022,2022-09-17T15:00:00+01:00
Ghostchant,Sincerity (K3:lu Remix),,Tangential Music,11,Gilles Peterson,17/09/2022,2022-09-17T15:00:00+01:00
La Perla,Chicharachera,,MamboNegroRecords,12,Gilles Peterson,17/09/2022,2022-09-17T15:00:00+01:00
Los Corraleros de Majagual,Mondongo,,Vampisoul,13,Gilles Peterson,17/09/2022,2022-09-17T15:00:00+01:00
Crown Heights Affair,Dreaming A Dream (Disco),,,14,Gilles Peterson,17/09/2022,2022-09-17T15:00:00+01:00
Chic,Open Up,,Atlantic,15,Gilles Peterson,17/09/2022,2022-09-17T15:00:00+01:00
Goldie Alexander,Show You My Love,,UNIDISC MUSIC INC.,16,Gilles Peterson,17/09/2022,2022-09-17T15:00:00+01:00
STR4TA,Turn Me Around,,Brownswood Recordings,17,Gilles Peterson,17/09/2022,2022-09-17T15:00:00+01:00
Charles Stepney,Black Gold,,International Anthem,18,Gilles Peterson,17/09/2022,2022-09-17T15:00:00+01:00
Minnie Riperton,Les Fleurs,,GRT,19,Gilles Peterson,17/09/2022,2022-09-17T15:00:00+01:00
Ramsey Lewis,Dear Prudence,,KMO Music,20,Gilles Peterson,17/09/2022,2022-09-17T15:00:00+01:00
Ramsey LewisStevie Wonder,Spring High,,CBS,21,Gilles Peterson,17/09/2022,2022-09-17T15:00:00+01:00
Yazmin Lacey,90 Degrees,,First Word Records,22,Gilles Peterson,17/09/2022,2022-09-17T15:00:00+01:00
Alan Hawkshaw,Mystique,,KMO Music,23,Gilles Peterson,17/09/2022,2022-09-17T15:00:00+01:00
Yazmin Lacey,Marie,,Future Bubblers,24,Gilles Peterson,17/09/2022,2022-09-17T15:00:00+01:00
Mansur Brown,Rise,,Amai Records,25,Gilles Peterson,17/09/2022,2022-09-17T15:00:00+01:00
Yazmin LaceyJoe Armon‐Jones,Something My Heart Trusts (Live at Poisson Rouge 2019),,,26,Gilles Peterson,17/09/2022,2022-09-17T15:00:00+01:00
Magician,Bazaar,,Morgan Blue Town,27,Gilles Peterson,17/09/2022,2022-09-17T15:00:00+01:00
Yazmin Lacey,Pieces,,Own Your Own Records,28,Gilles Peterson,17/09/2022,2022-09-17T15:00:00+01:00
Wanda Sá,Tristeza de Amar,,Vampi Soul,29,Gilles Peterson,17/09/2022,2022-09-17T15:00:00+01:00
Chassol,I Figli Morti,,Tricatel,30,Gilles Peterson,17/09/2022,2022-09-17T15:00:00+01:00
MJ Cole,Waiting For The Day,,Talkin' Loud,31,Gilles Peterson,17/09/2022,2022-09-17T15:00:00+01:00
Sherrick,Just Call,,Warner Bros. Records,32,Gilles Peterson,17/09/2022,2022-09-17T15:00:00+01:00
Ronald Langestraat,Double Star,,South of North,33,Gilles Peterson,17/09/2022,2022-09-17T15:00:00+01:00
Arjuna Oakes & Serebii,Flavour,,Innovative Leisure,34,Gilles Peterson,17/09/2022,2022-09-17T15:00:00+01:00
George Riley,Delusion,,PLZ Make It Ruins,35,Gilles Peterson,17/09/2022,2022-09-17T15:00:00+01:00
Thelonious Monk,Round Midnight,,Blue Note,36,Gilles Peterson,17/09/2022,2022-09-17T15:00:00+01:00
Church Of God Christ Choir,Lord Deliver Us,,,37,Gilles Peterson,17/09/2022,2022-09-17T15:00:00+01:00
Roge,Existe Uma Voz,,Diamond West Records,38,Gilles Peterson,17/09/2022,2022-09-17T15:00:00+01:00
The Brother Moves On,Bayakhala,,Native Rebel Recordings,39,Gilles Peterson,17/09/2022,2022-09-17T15:00:00+01:00
Born Under a Rhyming Planet,Fete,,DDS,40,Gilles Peterson,17/09/2022,2022-09-17T15:00:00+01:00
Frankie Knuckles,Your Love,,Trax Records,41,Gilles Peterson,17/09/2022,2022-09-17T15:00:00+01:00
Roy Ayers,Sweet Butterfly Of Love,,Polydor Records,42,Gilles Peterson,17/09/2022,2022-09-17T15:00:00+01:00
Roy Ayers,Sweet Tears,,Polydor Records,43,Gilles Peterson,17/09/2022,2022-09-17T15:00:00+01:00
Roger Fakhir,Keep Going,,Habibi Funk,0,Gilles Peterson,Joining The Musical Dots: All Points East Highlights,2022-08-20T15:00:00+01:00
Akusmi,Concrescence,,Tonal Union Records,1,Gilles Peterson,Joining The Musical Dots: All Points East Highlights,2022-08-20T15:00:00+01:00
Hudson Mohawke,Ingle Nook,,Warp Records,2,Gilles Peterson,Joining The Musical Dots: All Points East Highlights,2022-08-20T15:00:00+01:00
muva of Earth,High,,Brownswood Recordings,3,Gilles Peterson,Joining The Musical Dots: All Points East Highlights,2022-08-20T15:00:00+01:00
Lupe Fiasco,DRILL MUSIC IN ZION,,1st & 15th Too and Thirty Tigers,4,Gilles Peterson,Joining The Musical Dots: All Points East Highlights,2022-08-20T15:00:00+01:00
Jasmine Myra,New Beginnings,,Gondwana Records,5,Gilles Peterson,Joining The Musical Dots: All Points East Highlights,2022-08-20T15:00:00+01:00
Brian Auger,Whenever You're Ready,,Soul Bank Music,6,Gilles Peterson,Joining The Musical Dots: All Points East Highlights,2022-08-20T15:00:00+01:00
Beyoncé,BREAK MY SOUL (Jon Sheppard Edit),,Parkwood Entertainment/Columbia,7,Gilles Peterson,Joining The Musical Dots: All Points East Highlights,2022-08-20T15:00:00+01:00
Shy One,Scorpio Sun,,,8,Gilles Peterson,Joining The Musical Dots: All Points East Highlights,2022-08-20T15:00:00+01:00
Logic,Blues For You (Hard Dub),,Strictly Rhythm Records,9,Gilles Peterson,Joining The Musical Dots: All Points East Highlights,2022-08-20T15:00:00+01:00
Kings of TomorrowJulie McKnight,Finally (Dance Ritual Mix)Julie McKnight,,Strictly Rhythm Records,10,Gilles Peterson,Joining The Musical Dots: All Points East Highlights,2022-08-20T15:00:00+01:00
Green VelvetDajaé,Brighter Days (Underground Goodie Remix)Dajaé,,Cajual,11,Gilles Peterson,Joining The Musical Dots: All Points East Highlights,2022-08-20T15:00:00+01:00
Karizma,Twyst This,,R2 Records,12,Gilles Peterson,Joining The Musical Dots: All Points East Highlights,2022-08-20T15:00:00+01:00
Louie Vega & The Martinez Brothers,Let it Go (with Marc E.Bassy),,Cuttin' Headz,13,Gilles Peterson,Joining The Musical Dots: All Points East Highlights,2022-08-20T15:00:00+01:00
S.N.H. Foundation,Found A Way (Jasons Vocal Mix),,Strictly Rhythm Records,14,Gilles Peterson,Joining The Musical Dots: All Points East Highlights,2022-08-20T15:00:00+01:00
Soul Fuzion,I Got Rhythm (Keyapella Remix),,Dopewax Records,15,Gilles Peterson,Joining The Musical Dots: All Points East Highlights,2022-08-20T15:00:00+01:00
Altered Natives,Rass Out,,Fresh Minute Music,16,Gilles Peterson,Joining The Musical Dots: All Points East Highlights,2022-08-20T15:00:00+01:00
Oscar Jerome,Berlin 1,,Self-released,17,Gilles Peterson,Joining The Musical Dots: All Points East Highlights,2022-08-20T15:00:00+01:00
NAUTILUS,Manha,,OONOPS DROPS,18,Gilles Peterson,Joining The Musical Dots: All Points East Highlights,2022-08-20T15:00:00+01:00
Wallace & PS,Cynical Gringo,,,19,Gilles Peterson,Joining The Musical Dots: All Points East Highlights,2022-08-20T15:00:00+01:00
Trio Ternura,Oxala,,GROOVIE RECORDS,20,Gilles Peterson,Joining The Musical Dots: All Points East Highlights,2022-08-20T15:00:00+01:00
Carlos Franzetti,Dedos,,Vampi Soul,21,Gilles Peterson,Joining The Musical Dots: All Points East Highlights,2022-08-20T15:00:00+01:00
Delfonic & Kapote,Bomba Rejam,,Toy Tonics,22,Gilles Peterson,Joining The Musical Dots: All Points East Highlights,2022-08-20T15:00:00+01:00
Kabbala,Ashewo Ara (Dave Lee Edit),,Red Flame,23,Gilles Peterson,Joining The Musical Dots: All Points East Highlights,2022-08-20T15:00:00+01:00
New Sector Movements,Never Been Closer,,Virgin,24,Gilles Peterson,Joining The Musical Dots: All Points East Highlights,2022-08-20T15:00:00+01:00
Karizma,La La Break,,R2 Records,25,Gilles Peterson,Joining The Musical Dots: All Points East Highlights,2022-08-20T15:00:00+01:00
DJ Kemit & Luke Austin Present The Lounge Lizards,Intro To Dance,,R2 Records,26,Gilles Peterson,Joining The Musical Dots: All Points East Highlights,2022-08-20T15:00:00+01:00
Cascade,Kempston Hardwick,,Lobster Theremin,27,Gilles Peterson,Joining The Musical Dots: All Points East Highlights,2022-08-20T15:00:00+01:00
Galaxia,Atlant,,,28,Gilles Peterson,Joining The Musical Dots: All Points East Highlights,2022-08-20T15:00:00+01:00
US Alliance,Buzzfuzz,,,29,Gilles Peterson,Joining The Musical Dots: All Points East Highlights,2022-08-20T15:00:00+01:00
Block 19,Morning Sun (Pépé Bradock's Brad Deep Remix),,Nuphonic,30,Gilles Peterson,Joining The Musical Dots: All Points East Highlights,2022-08-20T15:00:00+01:00
Oliver Night,Bruk N Bass,,CoOp Presents,31,Gilles Peterson,Joining The Musical Dots: All Points East Highlights,2022-08-20T15:00:00+01:00
Kid FonqueCueburAndyboiJonny MillerOkmalumkoolkat,UsangikhumbulaCueburAndyboiJonny MillerOkmalumkoolkat,,Soul Candi Records,32,Gilles Peterson,Joining The Musical Dots: All Points East Highlights,2022-08-20T15:00:00+01:00
Blanche Finlay,Its Magic,,T.O.G,33,Gilles Peterson,Joining The Musical Dots: All Points East Highlights,2022-08-20T15:00:00+01:00
Troy Dexter,Sweat!,,Mood Funk Records,34,Gilles Peterson,Joining The Musical Dots: All Points East Highlights,2022-08-20T15:00:00+01:00
LF SYSTEM,Bourgie Bourgie,,Roux Records,35,Gilles Peterson,Joining The Musical Dots: All Points East Highlights,2022-08-20T15:00:00+01:00
United Spiral Singers,Not A Minute Too Late (Tom Noble Mix),,Athens of The North,36,Gilles Peterson,Joining The Musical Dots: All Points East Highlights,2022-08-20T15:00:00+01:00
Grady Tate,Lady Love,,Passion Music,37,Gilles Peterson,Joining The Musical Dots: All Points East Highlights,2022-08-20T15:00:00+01:00
Dionne Warwick,You're Gona Need Me,,Warner Bros.,38,Gilles Peterson,Joining The Musical Dots: All Points East Highlights,2022-08-20T15:00:00+01:00
Jimetta Rose & Voices of Creation,Spirits Up Above,,Day Dreamer,39,Gilles Peterson,Joining The Musical Dots: All Points East Highlights,2022-08-20T15:00:00+01:00
Abdul Wadud,Camille,,Bisharra Records,40,Gilles Peterson,Joining The Musical Dots: All Points East Highlights,2022-08-20T15:00:00+01:00
Nia Archives,18 & Over,,HIJINXX,41,Gilles Peterson,Joining The Musical Dots: All Points East Highlights,2022-08-20T15:00:00+01:00
Slumberjunkie,Six Miiiliiion,,,42,Gilles Peterson,Joining The Musical Dots: All Points East Highlights,2022-08-20T15:00:00+01:00
Flvo ElectricMija,DangerMija,,NEVER B ALONE,43,Gilles Peterson,Joining The Musical Dots: All Points East Highlights,2022-08-20T15:00:00+01:00
Sully,Werk,,Atrophonica,44,Gilles Peterson,Joining The Musical Dots: All Points East Highlights,2022-08-20T15:00:00+01:00
Nia Archives,Part Of Me,,HIJINXX,45,Gilles Peterson,Joining The Musical Dots: All Points East Highlights,2022-08-20T15:00:00+01:00
Watch The Ride & Nia Archives,Mash Up The Dance,,Bad Music Limited,46,Gilles Peterson,Joining The Musical Dots: All Points East Highlights,2022-08-20T15:00:00+01:00
Nia Archives,Sober Feels,,HIJINXX,47,Gilles Peterson,Joining The Musical Dots: All Points East Highlights,2022-08-20T15:00:00+01:00
Nia Archives,Forbidden Feelingz,,HIJINXX,48,Gilles Peterson,Joining The Musical Dots: All Points East Highlights,2022-08-20T15:00:00+01:00
Bay B Kane,Ram Up A Dance,,Stay On Target,49,Gilles Peterson,Joining The Musical Dots: All Points East Highlights,2022-08-20T15:00:00+01:00
Nia Archives,Dub 1,,HIJINXX,50,Gilles Peterson,Joining The Musical Dots: All Points East Highlights,2022-08-20T15:00:00+01:00
Electrons,Sunshine Love,,,0,Gilles Peterson,All Day Rave 00s,2022-08-13T15:00:00+01:00
Ben Westbeech,So Good Today,,,1,Gilles Peterson,All Day Rave 00s,2022-08-13T15:00:00+01:00
St Germain,Rose Rouge,,,2,Gilles Peterson,All Day Rave 00s,2022-08-13T15:00:00+01:00
Aka,Mash Up,,,3,Gilles Peterson,All Day Rave 00s,2022-08-13T15:00:00+01:00
Amerie,1 Thing,,,4,Gilles Peterson,All Day Rave 00s,2022-08-13T15:00:00+01:00
Lady Sovereign,Random,,,5,Gilles Peterson,All Day Rave 00s,2022-08-13T15:00:00+01:00
M.I.A.,Galang 05,,,6,Gilles Peterson,All Day Rave 00s,2022-08-13T15:00:00+01:00
Buraka Som Sistema,Kalemba (Wegue Wegue),,,7,Gilles Peterson,All Day Rave 00s,2022-08-13T15:00:00+01:00
The Electones,Alarm,,,8,Gilles Peterson,All Day Rave 00s,2022-08-13T15:00:00+01:00
Darkstar,Aidy's Girl Is A Computer,,,9,Gilles Peterson,All Day Rave 00s,2022-08-13T15:00:00+01:00
Herbert,The Audience,,,10,Gilles Peterson,All Day Rave 00s,2022-08-13T15:00:00+01:00
Kelis,Suspended,,,11,Gilles Peterson,All Day Rave 00s,2022-08-13T15:00:00+01:00
Dwele,A.N.G.E.L,,,12,Gilles Peterson,All Day Rave 00s,2022-08-13T15:00:00+01:00
Joy Orbison,Hyph Mngo,,,13,Gilles Peterson,All Day Rave 00s,2022-08-13T15:00:00+01:00
Lamont Dozier,Why Can't We Be Lovers,,,14,Gilles Peterson,All Day Rave 00s,2022-08-13T15:00:00+01:00
Joy Orbison,Hyph Mngo,,,15,Gilles Peterson,All Day Rave 00s,2022-08-13T15:00:00+01:00
MJ Cole,Waiting For The Day,,,16,Gilles Peterson,All Day Rave 00s,2022-08-13T15:00:00+01:00
MJ Cole,Dawn,,,17,Gilles Peterson,All Day Rave 00s,2022-08-13T15:00:00+01:00
Groove Chronicles,Stone Cold,,,18,Gilles Peterson,All Day Rave 00s,2022-08-13T15:00:00+01:00
Groove Chronicles,Black Puppet,,,19,Gilles Peterson,All Day Rave 00s,2022-08-13T15:00:00+01:00
Groove Chronicles,First Time,,,20,Gilles Peterson,All Day Rave 00s,2022-08-13T15:00:00+01:00
The Streets,Has It Come To This,,,21,Gilles Peterson,All Day Rave 00s,2022-08-13T15:00:00+01:00
Black Science Orchestra,Headspace Lullaby,,,22,Gilles Peterson,All Day Rave 00s,2022-08-13T15:00:00+01:00
Solid Groove,Flookin',,,23,Gilles Peterson,All Day Rave 00s,2022-08-13T15:00:00+01:00
Recloose ft Joe dukie,Dust,,,24,Gilles Peterson,All Day Rave 00s,2022-08-13T15:00:00+01:00
DJ Gregory,Damelo,,,25,Gilles Peterson,All Day Rave 00s,2022-08-13T15:00:00+01:00
Sandy Riveria and Jose Burgos,This Will Change It,,,26,Gilles Peterson,All Day Rave 00s,2022-08-13T15:00:00+01:00
Seiji,Loose Lips,,,27,Gilles Peterson,All Day Rave 00s,2022-08-13T15:00:00+01:00
Bugz in the Attic,Sounds Like,,,28,Gilles Peterson,All Day Rave 00s,2022-08-13T15:00:00+01:00
Burial,Untrue,,,29,Gilles Peterson,All Day Rave 00s,2022-08-13T15:00:00+01:00
Cooly G,Floating,,,30,Gilles Peterson,All Day Rave 00s,2022-08-13T15:00:00+01:00
Wookie,Storm,,,31,Gilles Peterson,All Day Rave 00s,2022-08-13T15:00:00+01:00
Cooly G,Love Dub,,,32,Gilles Peterson,All Day Rave 00s,2022-08-13T15:00:00+01:00
Cooly G,Dis Boy Pt. 4,,,33,Gilles Peterson,All Day Rave 00s,2022-08-13T15:00:00+01:00
Cooly G,Up In My Head,,,34,Gilles Peterson,All Day Rave 00s,2022-08-13T15:00:00+01:00
Solu Music,Fade,,,35,Gilles Peterson,All Day Rave 00s,2022-08-13T15:00:00+01:00
Blaze,Wishing You Were Here (Joey Negro Extended Mix),,,36,Gilles Peterson,All Day Rave 00s,2022-08-13T15:00:00+01:00
Jon Cutler,Dawn,,,37,Gilles Peterson,All Day Rave 00s,2022-08-13T15:00:00+01:00
Raul Midón,Sunshine (I Can Fly),,,38,Gilles Peterson,All Day Rave 00s,2022-08-13T15:00:00+01:00
DJ Gregory,Elle,,,39,Gilles Peterson,All Day Rave 00s,2022-08-13T15:00:00+01:00
Peter Kruder,Root Down,,,40,Gilles Peterson,All Day Rave 00s,2022-08-13T15:00:00+01:00
Soil & 'Pimp' Sessions,Waltz for Goddess,,,41,Gilles Peterson,All Day Rave 00s,2022-08-13T15:00:00+01:00
Sunship,Almighty Father (Solid Groove's Undergound Mix),,,42,Gilles Peterson,All Day Rave 00s,2022-08-13T15:00:00+01:00
Acen,Androids Who Dream,,,43,Gilles Peterson,All Day Rave 00s,2022-08-13T15:00:00+01:00
Mala,Anti War Dub,,,44,Gilles Peterson,All Day Rave 00s,2022-08-13T15:00:00+01:00
Gang Starr,Jazz Thing,,Sony Music,0,Gilles Peterson,All Day Rave 90s,2022-08-06T15:00:00+01:00
Lisa Lisa & Cult Jam,Let The Beat Hit Em,,Columbia Records,1,Gilles Peterson,All Day Rave 90s,2022-08-06T15:00:00+01:00
Mayhem,Nasty Funk,,Mayhem,2,Gilles Peterson,All Day Rave 90s,2022-08-06T15:00:00+01:00
Sounds of Blackness,Optimistic,,A & M Records,3,Gilles Peterson,All Day Rave 90s,2022-08-06T15:00:00+01:00
Mary J. Blige,Reminisce (Remix),,UMG Recordings,4,Gilles Peterson,All Day Rave 90s,2022-08-06T15:00:00+01:00
Main Source,Live At The Barbeque,,Wild Pitch Records,5,Gilles Peterson,All Day Rave 90s,2022-08-06T15:00:00+01:00
Chubb Rock,Treat 'Em Right,,Select Records,6,Gilles Peterson,All Day Rave 90s,2022-08-06T15:00:00+01:00
Roy Davis Jr.Peven Everett,Gabrielle,,Large Music LLC,7,Gilles Peterson,All Day Rave 90s,2022-08-06T15:00:00+01:00
Theo Parrish,Walking Thru The Sky,,Sound Signature,8,Gilles Peterson,All Day Rave 90s,2022-08-06T15:00:00+01:00
Laurent Garnier,Formax,,F Communications,9,Gilles Peterson,All Day Rave 90s,2022-08-06T15:00:00+01:00
Laurent Garnier,Wake Up,,Wagram Music,10,Gilles Peterson,All Day Rave 90s,2022-08-06T15:00:00+01:00
Laurent GarnierMix Master Doody,(Let Everybody) Join Hands,,Wagram Music,11,Gilles Peterson,All Day Rave 90s,2022-08-06T15:00:00+01:00
Funtopia,Do You Wanna Know,,Dance Opera,12,Gilles Peterson,All Day Rave 90s,2022-08-06T15:00:00+01:00
Laurent Garnier,Harmonic Groove,,F Communications,13,Gilles Peterson,All Day Rave 90s,2022-08-06T15:00:00+01:00
MC Solaar,Bouge De La,,Sentinel Ouest,14,Gilles Peterson,All Day Rave 90s,2022-08-06T15:00:00+01:00
Mèlaaz,Non Non Non,,BMG,15,Gilles Peterson,All Day Rave 90s,2022-08-06T15:00:00+01:00
Moloko,Where Is The What If The What Is In Why,,The Echo Label LTD,16,Gilles Peterson,All Day Rave 90s,2022-08-06T15:00:00+01:00
Mica Paris,I Should've Known Better,,Island Records,17,Gilles Peterson,All Day Rave 90s,2022-08-06T15:00:00+01:00
Spacek,Eve,,Island Records,18,Gilles Peterson,All Day Rave 90s,2022-08-06T15:00:00+01:00
Chris Bowden,Mother And Daughters Now Mothers,,Soul Jazz Records,19,Gilles Peterson,All Day Rave 90s,2022-08-06T15:00:00+01:00
Erykah Badu,On & On,,Universal Records,20,Gilles Peterson,All Day Rave 90s,2022-08-06T15:00:00+01:00
Major Force Productions,Essential Dub,,File Records,21,Gilles Peterson,All Day Rave 90s,2022-08-06T15:00:00+01:00
Plaid,Scoobz in Columbia,,General Production Recordings,22,Gilles Peterson,All Day Rave 90s,2022-08-06T15:00:00+01:00
Galliano,Thunderhead (House Trip),,Talkin' Loud,23,Gilles Peterson,All Day Rave 90s,2022-08-06T15:00:00+01:00
CajmereDajaé,Brighter DaysDajaé,,Streetheat Music,24,Gilles Peterson,All Day Rave 90s,2022-08-06T15:00:00+01:00
London Posse,How's Life In London,,Bullett Records,25,Gilles Peterson,All Day Rave 90s,2022-08-06T15:00:00+01:00
Massive Attack,Unfinished Sympathy (Nellee Hooper 12' Mix),,Virgin Records,26,Gilles Peterson,All Day Rave 90s,2022-08-06T15:00:00+01:00
Soul II Soul,Courtney Blows,,Virgin Records,27,Gilles Peterson,All Day Rave 90s,2022-08-06T15:00:00+01:00
London Posse,Jump Around (Censored Mix),,Tru Thoughts,28,Gilles Peterson,All Day Rave 90s,2022-08-06T15:00:00+01:00
DobieNinety-9,RadoxNinety-9,,BBE,29,Gilles Peterson,All Day Rave 90s,2022-08-06T15:00:00+01:00
Dr. Octagon,Earth People,,Bulk Recordings,30,Gilles Peterson,All Day Rave 90s,2022-08-06T15:00:00+01:00
Da Beat TerroristsBig Willy Smith,Wearing Make upBig Willy Smith,,Funky Ass Records,31,Gilles Peterson,All Day Rave 90s,2022-08-06T15:00:00+01:00
Raw,Linguistic Ventriloquist,,Tetrahedron,32,Gilles Peterson,All Day Rave 90s,2022-08-06T15:00:00+01:00
Skillz,The Nod Factor,,Atlantic Recording,33,Gilles Peterson,All Day Rave 90s,2022-08-06T15:00:00+01:00
Missy Elliott,She's A What,,EastWest Records America,34,Gilles Peterson,All Day Rave 90s,2022-08-06T15:00:00+01:00
Bahamadia,Uknowhowwedo,,Capitol Records,35,Gilles Peterson,All Day Rave 90s,2022-08-06T15:00:00+01:00
Roni SizeBahamadiaRoni Size / Reprazent,New FormsBahamadiaRoni Size / Reprazent,,Mercury Records LTD,36,Gilles Peterson,All Day Rave 90s,2022-08-06T15:00:00+01:00
Tom and Jerry,Maximum Style,,Jet Star Music,37,Gilles Peterson,All Day Rave 90s,2022-08-06T15:00:00+01:00
4hero,Parallel Universe,,Reinforced Records,38,Gilles Peterson,All Day Rave 90s,2022-08-06T15:00:00+01:00
Pete MagadiniGeorge DukeDon MenzaDave Young,Samba De RollinsGeorge DukeDon MenzaDave Young,,Ibis Recording,39,Gilles Peterson,All Day Rave 90s,2022-08-06T15:00:00+01:00
Jamiroquai,Too Young To Die,,Sony Music,40,Gilles Peterson,All Day Rave 90s,2022-08-06T15:00:00+01:00
New Order,True Faith,(CD Single),QWest,0,Gilles Peterson,"Nabihah Iqbal sits in: All Day Rave 80s, Aldous RH",2022-07-30T15:00:00+01:00
Nami Shimada,Mitsumeteirunoni,,Nippon Columbia Co,1,Gilles Peterson,"Nabihah Iqbal sits in: All Day Rave 80s, Aldous RH",2022-07-30T15:00:00+01:00
The Cure,Lullaby,,,2,Gilles Peterson,"Nabihah Iqbal sits in: All Day Rave 80s, Aldous RH",2022-07-30T15:00:00+01:00
PrinceThe Revolution,I Would Die 4 U,4Ever,Warner Bros,3,Gilles Peterson,"Nabihah Iqbal sits in: All Day Rave 80s, Aldous RH",2022-07-30T15:00:00+01:00
52nd Street,Tell Me (How It Feels),Children of the Night,MCA Records,4,Gilles Peterson,"Nabihah Iqbal sits in: All Day Rave 80s, Aldous RH",2022-07-30T15:00:00+01:00
Akida,Sagemode,,,5,Gilles Peterson,"Nabihah Iqbal sits in: All Day Rave 80s, Aldous RH",2022-07-30T15:00:00+01:00
El Shimada,Moon,,,6,Gilles Peterson,"Nabihah Iqbal sits in: All Day Rave 80s, Aldous RH",2022-07-30T15:00:00+01:00
Mo Aung,Marionette,EP,Beat Kitchen Records,7,Gilles Peterson,"Nabihah Iqbal sits in: All Day Rave 80s, Aldous RH",2022-07-30T15:00:00+01:00
Jitwam,The Get Down,Third,Roya,8,Gilles Peterson,"Nabihah Iqbal sits in: All Day Rave 80s, Aldous RH",2022-07-30T15:00:00+01:00
Eman Louis,Trap Makossa,Afro Jazz Trap,ET Entertainment,9,Gilles Peterson,"Nabihah Iqbal sits in: All Day Rave 80s, Aldous RH",2022-07-30T15:00:00+01:00
Rickster,Night Moves,Single,High Fashion Music,10,Gilles Peterson,"Nabihah Iqbal sits in: All Day Rave 80s, Aldous RH",2022-07-30T15:00:00+01:00
Tears for Fears,Head Over Heels,Rule The World: The Greatest Hits,Virgin EMI Records,11,Gilles Peterson,"Nabihah Iqbal sits in: All Day Rave 80s, Aldous RH",2022-07-30T15:00:00+01:00
Dennis Brown,Why Baby Why,Love Has Found Its Way,UMG Recordings,12,Gilles Peterson,"Nabihah Iqbal sits in: All Day Rave 80s, Aldous RH",2022-07-30T15:00:00+01:00
Michael Jackson,Billie Jean,Walk On - Hits From The Last 2 Decade,Columbia,13,Gilles Peterson,"Nabihah Iqbal sits in: All Day Rave 80s, Aldous RH",2022-07-30T15:00:00+01:00
Womack & Womack,Teardrops,And They Danced All Night,Debutante,14,Gilles Peterson,"Nabihah Iqbal sits in: All Day Rave 80s, Aldous RH",2022-07-30T15:00:00+01:00
Qazi and Qazi,Weight Of Your Bones,Single,Qazi and Qazi,15,Gilles Peterson,"Nabihah Iqbal sits in: All Day Rave 80s, Aldous RH",2022-07-30T15:00:00+01:00
Bilal Muhammad,For You,,,16,Gilles Peterson,"Nabihah Iqbal sits in: All Day Rave 80s, Aldous RH",2022-07-30T15:00:00+01:00
Mela Femmina,Hello Chic,,Slow Dance Recordings,17,Gilles Peterson,"Nabihah Iqbal sits in: All Day Rave 80s, Aldous RH",2022-07-30T15:00:00+01:00
Saqib & Haider Uppal,Lahore,EP,Dream Culture,18,Gilles Peterson,"Nabihah Iqbal sits in: All Day Rave 80s, Aldous RH",2022-07-30T15:00:00+01:00
Findom,The Living Standard,,,19,Gilles Peterson,"Nabihah Iqbal sits in: All Day Rave 80s, Aldous RH",2022-07-30T15:00:00+01:00
808 State,Narcossa,,,20,Gilles Peterson,"Nabihah Iqbal sits in: All Day Rave 80s, Aldous RH",2022-07-30T15:00:00+01:00
A Guy Called Gerald,Escape II,Hot Lemonade,Rham Records,21,Gilles Peterson,"Nabihah Iqbal sits in: All Day Rave 80s, Aldous RH",2022-07-30T15:00:00+01:00
A Certain Ratio,Loss,To Each,Mute Artists,22,Gilles Peterson,"Nabihah Iqbal sits in: All Day Rave 80s, Aldous RH",2022-07-30T15:00:00+01:00
Findom,Exhume The Line,,,23,Gilles Peterson,"Nabihah Iqbal sits in: All Day Rave 80s, Aldous RH",2022-07-30T15:00:00+01:00
Joy Division,Disorder (Live),The Best Of,London Records 90 LTD,24,Gilles Peterson,"Nabihah Iqbal sits in: All Day Rave 80s, Aldous RH",2022-07-30T15:00:00+01:00
Mr. Fingers,Can You Feel It,,Trax,25,Gilles Peterson,"Nabihah Iqbal sits in: All Day Rave 80s, Aldous RH",2022-07-30T15:00:00+01:00
Kool & the Gang,Fresh,Soul  (Various Artists),Polygram Tv,26,Gilles Peterson,"Nabihah Iqbal sits in: All Day Rave 80s, Aldous RH",2022-07-30T15:00:00+01:00
Maze featuring Frankie BeverlyFrankie Beverly,Southern Girl,The Greatest Hits: Lifelines Volume 1,Capitol Records,27,Gilles Peterson,"Nabihah Iqbal sits in: All Day Rave 80s, Aldous RH",2022-07-30T15:00:00+01:00
Dennis EdwardsSiedah Garrett,Don't Look Any Further,Dancing In The Street  (Various Artis,Universal Music Tv,28,Gilles Peterson,"Nabihah Iqbal sits in: All Day Rave 80s, Aldous RH",2022-07-30T15:00:00+01:00
B.T. Express,Cover Girl (Club Version),,,29,Gilles Peterson,"Nabihah Iqbal sits in: All Day Rave 80s, Aldous RH",2022-07-30T15:00:00+01:00
The Cure,Lullaby,The Cure - Galore,Fiction,2,Gilles Peterson,"Nabihah Iqbal sits in: All Day Rave 80s, Aldous RH",2022-07-30T15:00:00+01:00
